Work Item ID,Issue Type,Summary,Epic Name,Parent,Description,Priority,Story Points,Labels,Components
1,Epic,Authentication & User Management,Authentication & User Management,,Core user authentication registration profile management and security features,High,89,authentication security oauth,Authentication
2,Epic,Social Media Integration,Social Media Integration,,Integration with 11 social media platforms for content extraction and analysis,High,55,social-media integration platforms,Social Media
3,Epic,AI-Powered Content Analysis,AI-Powered Content Analysis,,Advanced AI analysis including transcription sentiment analysis object detection and multimedia processing,Highest,144,ai-analysis machine-learning nlp,AI Analysis
4,Epic,Contacts Management System,Contacts Management System,,Comprehensive contact management with relationships groups and integration features,High,89,contacts crm relationships,Contacts
5,Epic,Content Sharing & Collaboration,Content Sharing & Collaboration,,Content sharing collaboration features permissions and team management,Medium,34,sharing collaboration permissions,Sharing
6,Epic,File Management & Storage,File Management & Storage,,File upload processing organization and cloud storage integration,High,55,file-management storage cloud,File Management
7,Epic,Administration & System Management,Administration & System Management,,User administration system configuration monitoring and contact management for admins,Medium,89,administration system-management monitoring,Administration
8,Epic,Multimedia Testing System,Multimedia Testing System,,Comprehensive testing framework for multimedia analysis with automated workflows,Medium,55,testing automation multimedia,Testing
9,Epic,Multilingual & Accessibility,Multilingual & Accessibility,,Multi-language support and accessibility features for inclusive user experience,Low,34,i18n accessibility wcag,Internationalization
10,Epic,Security & Compliance,Security & Compliance,,Data protection GDPR compliance security monitoring and threat detection,Highest,34,security compliance gdpr,Security
11,Epic,Integration & API,Integration & API,,External service integrations and RESTful API development,High,34,api integration external-services,Integration
12,Epic,Mobile & Responsive Design,Mobile & Responsive Design,,Mobile compatibility responsive design and touch-friendly interfaces,Medium,21,mobile responsive-design ui,Mobile
13,Epic,Analytics & Reporting,Analytics & Reporting,,User analytics business intelligence and comprehensive reporting system,Low,34,analytics reporting business-intelligence,Analytics
14,Story,Register with email/password authentication,,1,Implement user registration functionality with email verification and secure password requirements,High,3,authentication registration email-verification,Authentication
15,Story,Register using Google OAuth 2.0,,1,Enable user registration through Google OAuth 2.0 integration with proper token management,High,5,oauth google authentication social-login,Authentication
16,Story,Register using Microsoft OAuth 2.0,,1,Enable user registration through Microsoft OAuth 2.0 integration with proper token management,High,5,oauth microsoft authentication social-login,Authentication
17,Story,Register using Apple OAuth 2.0,,1,Enable user registration through Apple OAuth 2.0 integration with proper token management,High,5,oauth apple authentication social-login,Authentication
18,Story,Email verification after registration,,1,Implement email verification system with secure tokens and resend functionality,Medium,3,email-verification security,Authentication
19,Story,Login with username/password,,1,Implement secure login functionality with rate limiting and account lockout protection,High,3,login authentication security,Authentication
20,Story,Login with social media accounts,,1,Enable login through connected social media accounts (Google Microsoft Apple),High,3,social-login oauth authentication,Authentication
21,Story,Password reset via email,,1,Implement secure password reset functionality with email verification and token expiration,Medium,5,password-reset email security,Authentication
22,Story,Enable/disable Two-Factor Authentication (2FA),,1,Implement 2FA functionality with TOTP support and backup codes,Medium,8,2fa security totp backup-codes,Authentication
23,Story,Link additional OAuth accounts to existing user,,1,Allow users to link multiple OAuth providers to their existing account,Medium,5,oauth account-linking social-accounts,Authentication
24,Story,Unlink OAuth accounts from profile,,1,Allow users to safely unlink OAuth providers from their profile,Low,3,oauth account-unlinking profile-management,Authentication
25,Story,Account closure and data deletion,,1,Implement secure account deletion with data cleanup and GDPR compliance,Medium,8,account-closure gdpr data-deletion,Authentication
26,Story,Update profile information,,1,Allow users to update their profile information (name email preferences),Low,3,profile-management user-settings,Authentication
27,Story,Change password with verification,,1,Implement secure password change with current password verification,Medium,3,password-change security verification,Authentication
28,Story,Select preferred language,,1,Implement language selection with interface localization support,Low,2,i18n language-selection localization,Authentication
29,Story,Manage subscription plans,,1,Implement subscription management for different plan tiers (Free Small Medium Large Unlimited),High,8,subscription billing plan-management,Authentication
30,Story,View account usage statistics and limits,,1,Display user's current usage against their plan limits and quotas,Medium,5,usage-statistics limits quotas analytics,Authentication
31,Story,Download account data (GDPR compliance),,1,Implement data export functionality for GDPR compliance requirements,High,8,gdpr data-export compliance privacy,Authentication
32,Story,Device fingerprinting and trusted device management,,1,Implement device fingerprinting for security and trusted device management,Medium,8,device-fingerprinting security trusted-devices,Authentication
33,Story,Login attempt tracking and account lockout,,1,Implement login attempt tracking with automatic account lockout for security,High,5,security login-tracking account-lockout brute-force-protection,Authentication
34,Story,IP address whitelisting/blacklisting,,1,Implement IP-based access control with whitelist and blacklist functionality,Medium,5,ip-security whitelist blacklist access-control,Authentication
35,Story,VPN and TOR detection,,1,Implement VPN and TOR network detection for security monitoring,Medium,5,vpn-detection tor-detection security network-analysis,Authentication
36,Story,Security audit log viewing,,1,Implement comprehensive security audit logging and viewing interface,Medium,5,audit-logging security-monitoring compliance,Authentication
37,Story,Session management and logout from all devices,,1,Implement session management with ability to logout from all devices,Medium,3,session-management logout security device-management,Authentication
38,Story,Link Facebook account for content access,,2,Enable Facebook account linking for content extraction and analysis,High,5,facebook social-media account-linking content-extraction,Social Media
39,Story,Link YouTube account for video analysis,,2,Enable YouTube account linking for video content extraction and analysis,High,5,youtube video-analysis account-linking content-extraction,Social Media
40,Story,Link Instagram account for photo/story analysis,,2,Enable Instagram account linking for photo and story content analysis,High,5,instagram photo-analysis story-analysis account-linking,Social Media
41,Story,Link TikTok account for video content,,2,Enable TikTok account linking for video content extraction and analysis,High,5,tiktok video-content account-linking content-extraction,Social Media
42,Story,Link WeChat account for messaging,,2,Enable WeChat account linking for messaging content analysis,Medium,5,wechat messaging account-linking content-analysis,Social Media
43,Story,Link Facebook Messenger for chat analysis,,2,Enable Facebook Messenger linking for chat content analysis,Medium,5,facebook-messenger chat-analysis account-linking,Social Media
44,Story,Link Telegram account via bot token,,2,Enable Telegram account linking through bot token integration,Medium,5,telegram bot-token account-linking messaging,Social Media
45,Story,Link Snapchat account for media,,2,Enable Snapchat account linking for media content extraction,Medium,5,snapchat media-content account-linking content-extraction,Social Media
46,Story,Link Pinterest account for image boards,,2,Enable Pinterest account linking for image board content analysis,Medium,5,pinterest image-boards account-linking content-analysis,Social Media
47,Story,Link Twitter/X account for tweets and media,,2,Enable Twitter/X account linking for tweet and media content analysis,High,5,twitter x-platform tweets media account-linking,Social Media
48,Story,Link WhatsApp Business account,,2,Enable WhatsApp Business account linking for messaging content analysis,Medium,5,whatsapp-business messaging account-linking content-analysis,Social Media
49,Story,View linked social accounts status,,2,Display status and health of all linked social media accounts,Low,3,account-status social-accounts health-monitoring,Social Media
50,Story,Refresh OAuth tokens automatically,,2,Implement automatic OAuth token refresh for continuous access,Medium,5,oauth token-refresh automation social-accounts,Social Media
51,Story,Manage account permissions and scopes,,2,Allow users to manage permissions and scopes for linked social accounts,Medium,3,permissions scopes account-management social-accounts,Social Media
52,Story,Extract mentions from connected social accounts,,2,Extract and analyze mentions from connected social media platforms,Medium,5,mentions extraction social-media content-analysis,Social Media
53,Story,Extract direct messages from platforms,,2,Extract and analyze direct messages from supported messaging platforms,Medium,8,direct-messages extraction messaging content-analysis,Social Media
54,Story,Extract public posts and media,,2,Extract public posts and media content from connected social platforms,High,8,posts media extraction social-content,Social Media
55,Story,Filter relevant content vs spam/unrelated,,2,Implement intelligent filtering to separate relevant content from spam,Medium,5,content-filtering spam-detection relevance-analysis,Social Media
56,Story,Extract metadata (title description thumbnails),,2,Extract comprehensive metadata from social media content,Medium,3,metadata extraction title description thumbnails,Social Media
57,Story,Extract location data from posts,,2,Extract and analyze location data from geotagged social media posts,Low,3,location-data extraction geotags social-posts,Social Media
58,Story,Extract hashtags and mentions,,2,Extract and analyze hashtags and mentions from social media content,Low,3,hashtags mentions extraction social-analysis,Social Media
59,Story,Extract engagement metrics,,2,Extract engagement metrics (likes shares comments) from social media content,Medium,3,engagement-metrics likes shares comments analytics,Social Media
60,Story,Submit YouTube video URL for analysis,,3,Enable URL submission for YouTube video content analysis,High,5,youtube url-submission video-analysis content-processing,AI Analysis
61,Story,Submit Instagram post/story URL,,3,Enable URL submission for Instagram post and story analysis,High,5,instagram url-submission post-analysis story-analysis,AI Analysis
62,Story,Submit TikTok video URL,,3,Enable URL submission for TikTok video content analysis,High,5,tiktok url-submission video-analysis content-processing,AI Analysis
63,Story,Submit Facebook post/video URL,,3,Enable URL submission for Facebook post and video content analysis,High,5,facebook url-submission post-analysis video-analysis,AI Analysis
64,Story,Submit Twitter/X tweet URL,,3,Enable URL submission for Twitter/X tweet content analysis,High,5,twitter x-platform url-submission tweet-analysis,AI Analysis
65,Story,Submit Vimeo video URL,,3,Enable URL submission for Vimeo video content analysis,Medium,3,vimeo url-submission video-analysis content-processing,AI Analysis
66,Story,Submit Twitch stream/clip URL,,3,Enable URL submission for Twitch stream and clip analysis,Medium,3,twitch url-submission stream-analysis clip-analysis,AI Analysis
67,Story,Submit SoundCloud audio URL,,3,Enable URL submission for SoundCloud audio content analysis,Medium,3,soundcloud url-submission audio-analysis content-processing,AI Analysis
68,Story,Submit Spotify track URL,,3,Enable URL submission for Spotify track analysis,Medium,3,spotify url-submission track-analysis audio-processing,AI Analysis
69,Story,Submit direct image URLs,,3,Enable direct image URL submission for analysis (JPG PNG GIF BMP WebP SVG TIFF),Medium,3,images url-submission image-analysis direct-upload,AI Analysis
70,Story,Submit direct audio URLs,,3,Enable direct audio URL submission for analysis (MP3 WAV M4A AAC OGG FLAC WMA),Medium,3,audio url-submission audio-analysis direct-upload,AI Analysis
71,Story,Submit direct video URLs,,3,Enable direct video URL submission for analysis (MP4 AVI MOV WMV FLV WebM MKV),Medium,3,video url-submission video-analysis direct-upload,AI Analysis
72,Story,Upload files directly from device,,3,Enable direct file upload from user's device for analysis,High,5,file-upload device-upload local-files content-processing,AI Analysis
73,Story,Bulk content submission,,3,Enable bulk submission of multiple content items for batch processing,Medium,8,bulk-submission batch-processing content-upload efficiency,AI Analysis
74,Story,Schedule content processing,,3,Enable scheduling of content processing for optimal resource utilization,Medium,5,scheduling content-processing automation resource-management,AI Analysis
75,Story,Object Detection - Identify objects in images and video frames,,3,Implement AI-powered object detection for images and video content,High,13,object-detection ai-analysis images video computer-vision,AI Analysis
76,Story,Audio Transcription - Convert speech to text with speaker identification,,3,Implement speech-to-text transcription with speaker identification capabilities,High,13,audio-transcription speech-to-text speaker-identification ai-analysis,AI Analysis
77,Story,Speaker Diarization - Identify different speakers in audio/video,,3,Implement speaker diarization to identify and separate different speakers,High,8,speaker-diarization audio-analysis speaker-identification ai-processing,AI Analysis
78,Story,Voice Print Recognition - Identify speakers by voice characteristics,,3,Implement voice print recognition for speaker identification by voice characteristics,Medium,8,voice-print recognition speaker-identification biometric-analysis,AI Analysis
79,Story,Sentiment Analysis - Analyze emotional tone and mood,,3,Implement AI-powered sentiment analysis for emotional tone and mood detection,High,8,sentiment-analysis emotion-detection mood-analysis ai-nlp,AI Analysis
80,Story,Content Summarization - Generate AI summaries of content,,3,Implement AI-powered content summarization for automatic summary generation,High,8,content-summarization ai-summary automatic-summary nlp,AI Analysis
81,Story,Thumbnail Generation - Create thumbnails and key moment previews,,3,Implement automatic thumbnail generation and key moment identification,Medium,5,thumbnail-generation key-moments preview-generation video-processing,AI Analysis
82,Story,OCR Text Extraction - Extract text from images and video frames,,3,Implement OCR text extraction from images and video frames,High,8,ocr text-extraction image-processing video-frames ai-analysis,AI Analysis
83,Story,Content Categorization - Automatically categorize content by type,,3,Implement automatic content categorization using AI classification,Medium,5,content-categorization ai-classification automatic-tagging content-analysis,AI Analysis
84,Story,Named Entity Recognition - Identify people places organizations,,3,Implement NER to identify named entities (people places organizations) in content,Medium,8,named-entity-recognition ner people places organizations nlp,AI Analysis
85,Story,Profanity Detection - Filter inappropriate content,,3,Implement profanity detection and content filtering for inappropriate material,Medium,5,profanity-detection content-filtering inappropriate-content moderation,AI Analysis
86,Story,Keyword Detection - Identify important keywords and topics,,3,Implement keyword detection to identify important keywords and topics,Medium,3,keyword-detection topic-identification content-analysis nlp,AI Analysis
87,Story,Image Description - Generate natural language descriptions for images,,3,Implement AI-powered image description generation in natural language,Medium,8,image-description natural-language ai-vision content-description,AI Analysis
88,Story,Video Analysis - Comprehensive video processing with metadata,,3,Implement comprehensive video analysis with complete metadata extraction,High,13,video-analysis comprehensive-processing metadata-extraction ai-analysis,AI Analysis
89,Story,Language Detection - Identify content language automatically,,3,Implement automatic language detection for multilingual content,Low,3,language-detection multilingual content-analysis i18n,AI Analysis
90,Story,Add user-defined tags to content,,3,Enable users to add custom tags to content for organization,Low,3,user-tags custom-tags content-organization tagging,AI Analysis
91,Story,Add comments and notes to content,,3,Enable users to add comments and notes to content items,Low,3,comments notes content-annotation user-input,AI Analysis
92,Story,Create content groups and collections,,3,Enable creation of content groups and collections for organization,Medium,5,content-groups collections organization content-management,AI Analysis
93,Story,Assign content to groups,,3,Enable assignment of content items to existing groups,Low,2,content-assignment groups organization content-management,AI Analysis
94,Story,Archive and restore content,,3,Implement content archival and restoration functionality,Medium,3,archive restore content-lifecycle content-management,AI Analysis
95,Story,Delete content permanently,,3,Implement secure permanent content deletion with confirmation,Medium,3,delete permanent-deletion content-lifecycle security,AI Analysis
96,Story,Bulk content operations,,3,Enable bulk operations (tag group archive delete) on multiple content items,Medium,8,bulk-operations content-management efficiency batch-processing,AI Analysis
97,Story,Content relationships and linking,,3,Implement content relationship management and linking between items,Medium,5,content-relationships linking content-connections content-management,AI Analysis
98,Story,Content versioning and history,,3,Implement content versioning and change history tracking,Medium,5,versioning history change-tracking content-lifecycle,AI Analysis
99,Story,Full-text search across all content,,3,Implement comprehensive full-text search across all content,High,8,full-text-search search-functionality content-discovery elasticsearch,AI Analysis
100,Story,Filter by content type,,3,Enable filtering by content type (image audio video text),Low,2,content-filtering type-filtering search-filters content-discovery,AI Analysis
101,Story,Filter by source platform,,3,Enable filtering by source platform for content discovery,Low,2,platform-filtering source-filtering search-filters content-discovery,AI Analysis
102,Story,Filter by tags,,3,Enable filtering by user-defined and AI-generated tags,Low,2,tag-filtering search-filters content-discovery content-organization,AI Analysis
103,Story,Filter by date range,,3,Enable filtering by date range for content discovery,Low,2,date-filtering time-range search-filters content-discovery,AI Analysis
104,Story,Filter by sentiment score,,3,Enable filtering by AI-generated sentiment scores,Medium,3,sentiment-filtering ai-filtering emotional-analysis content-discovery,AI Analysis
105,Story,Filter by processing status,,3,Enable filtering by content processing status,Low,2,status-filtering processing-status search-filters content-management,AI Analysis
106,Story,Advanced search with field-specific queries,,3,Implement advanced search with field-specific query capabilities,Medium,5,advanced-search field-specific query-language search-functionality,AI Analysis
107,Story,Search autocomplete and suggestions,,3,Implement search autocomplete and intelligent suggestions,Medium,3,autocomplete search-suggestions user-experience search-functionality,AI Analysis
108,Story,Saved search queries,,3,Enable users to save and reuse search queries,Low,3,saved-searches query-management user-preferences search-functionality,AI Analysis
109,Story,Real-time search results with highlighting,,3,Implement real-time search with result highlighting,Medium,5,real-time-search result-highlighting search-functionality user-experience,AI Analysis
110,Story,View content in card layout with thumbnails,,3,Implement card layout view for content with thumbnail previews,Medium,3,card-layout thumbnails content-display user-interface,AI Analysis
111,Story,View content in detailed list view,,3,Implement detailed list view for comprehensive content information,Medium,3,list-view detailed-view content-display user-interface,AI Analysis
112,Story,View individual content details page,,3,Implement dedicated content details page with full information,Medium,5,content-details detailed-page content-display user-interface,AI Analysis
113,Story,Edit content metadata,,3,Enable editing of content metadata (title description tags),Medium,3,metadata-editing content-management user-input content-modification,AI Analysis
114,Story,View AI analysis results in modal,,3,Implement modal view for comprehensive AI analysis results,Medium,3,ai-results modal-view analysis-display user-interface,AI Analysis
115,Story,Copy transcriptions and summaries to clipboard,,3,Enable copying of AI-generated text content to clipboard,Low,2,clipboard-copy transcriptions summaries user-experience,AI Analysis
116,Story,Edit AI-generated summaries inline,,3,Enable inline editing of AI-generated summaries,Medium,3,inline-editing ai-summaries content-modification user-input,AI Analysis
117,Story,Play audio/video content with integrated player,,3,Implement integrated media player for audio and video content,High,8,media-player audio-player video-player content-playback,AI Analysis
118,Story,Navigate video using clickable transcription timestamps,,3,Enable video navigation through clickable transcription timestamps,Medium,5,video-navigation transcription-timestamps clickable-timestamps media-player,AI Analysis
119,Story,View video thumbnails and key moments,,3,Display video thumbnails and key moment previews,Medium,3,video-thumbnails key-moments preview-generation video-analysis,AI Analysis
120,Story,View OCR text regions with timing,,3,Display OCR text regions with timing information for video content,Medium,5,ocr-regions timing-information text-overlay video-analysis,AI Analysis
121,Story,View speaker identification results,,3,Display speaker identification results with confidence scores,Medium,3,speaker-identification results-display confidence-scores audio-analysis,AI Analysis
122,Story,Export content data to various formats,,3,Enable export of content data to multiple formats (JSON CSV PDF),Medium,5,data-export multiple-formats json csv pdf content-export,AI Analysis
123,Story,Create new contact with basic information,,4,Enable creation of new contacts with essential contact information,High,3,contact-creation basic-information contact-management crm,Contacts
124,Story,Add multiple phone numbers with custom labels,,4,Enable adding multiple phone numbers with custom labels to contacts,Medium,3,phone-numbers custom-labels contact-details contact-management,Contacts
125,Story,Add multiple email addresses with custom labels,,4,Enable adding multiple email addresses with custom labels to contacts,Medium,3,email-addresses custom-labels contact-details contact-management,Contacts
126,Story,Add multiple addresses with Google Maps integration,,4,Enable adding multiple addresses with Google Maps integration,Medium,5,addresses google-maps integration location-services contact-management,Contacts
127,Story,Add social media profiles and handles,,4,Enable adding social media profiles and handles to contacts,Medium,3,social-profiles handles social-media contact-details,Contacts
128,Story,Add instant messaging accounts,,4,Enable adding instant messaging accounts to contact profiles,Low,2,instant-messaging accounts contact-details communication,Contacts
129,Story,Add websites and URLs,,4,Enable adding websites and URLs to contact profiles,Low,2,websites urls contact-details online-presence,Contacts
130,Story,Add important dates,,4,Enable adding important dates (birthday anniversary) to contacts,Low,2,important-dates birthday anniversary contact-details,Contacts
131,Story,Add notes and custom fields,,4,Enable adding notes and custom fields to contact profiles,Medium,3,notes custom-fields contact-details personalization,Contacts
132,Story,Add profile photos and avatars,,4,Enable adding profile photos and avatars to contacts,Low,3,profile-photos avatars contact-details visual-identification,Contacts
133,Story,Phone number validation with international formats,,4,Implement phone number validation supporting international formats,Medium,5,phone-validation international-formats validation contact-management,Contacts
134,Story,Email address validation,,4,Implement comprehensive email address validation,Low,2,email-validation validation contact-management data-integrity,Contacts
135,Story,Address autocomplete with Google Maps Places API,,4,Implement address autocomplete using Google Maps Places API,Medium,5,address-autocomplete google-maps places-api location-services,Contacts
136,Story,Create contact groups,,4,Enable creation of contact groups (Friends Work Family etc.),Medium,3,contact-groups group-management organization contact-management,Contacts
137,Story,Assign contacts to multiple groups,,4,Enable assignment of contacts to multiple groups,Low,2,group-assignment multiple-groups contact-organization contact-management,Contacts
138,Story,Define relationships between contacts,,4,Enable defining relationships between contacts (father mother spouse etc.),Medium,5,contact-relationships family-relationships relationship-management contact-management,Contacts
139,Story,Create custom relationship types,,4,Enable creation of custom relationship types beyond predefined ones,Low,3,custom-relationships relationship-types personalization contact-management,Contacts
140,Story,View relationship graphs and connections,,4,Implement visualization of relationship graphs and connections between contacts,Medium,8,relationship-graphs visualization connections contact-analysis,Contacts
141,Story,Import contacts from CSV files,,4,Enable importing contacts from CSV files with mapping functionality,Medium,5,csv-import contact-import data-migration bulk-operations,Contacts
142,Story,Export contacts to vCard format,,4,Enable exporting contacts to vCard format for compatibility,Low,3,vcard-export contact-export data-portability standards-compliance,Contacts
143,Story,Export contacts to CSV format,,4,Enable exporting contacts to CSV format for data portability,Low,3,csv-export contact-export data-portability bulk-operations,Contacts
144,Story,Bulk contact operations,,4,Enable bulk operations on multiple contacts simultaneously,Medium,5,bulk-operations contact-management efficiency batch-processing,Contacts
145,Story,Live search across all contact fields,,4,Implement live search functionality across all contact fields,High,5,live-search contact-search real-time-search search-functionality,Contacts
146,Story,Advanced search with field-specific queries,,4,Implement advanced search with field-specific query capabilities for contacts,Medium,5,advanced-search field-specific contact-search query-language,Contacts
147,Story,Search autocomplete for contact fields,,4,Implement search autocomplete for contact field values,Medium,3,search-autocomplete contact-search user-experience search-functionality,Contacts
148,Story,Filter contacts by group membership,,4,Enable filtering contacts by their group membership,Low,2,group-filtering contact-filtering search-filters contact-organization,Contacts
149,Story,Filter contacts by relationship type,,4,Enable filtering contacts by their relationship types,Low,2,relationship-filtering contact-filtering search-filters relationship-management,Contacts
150,Story,Filter contacts by location,,4,Enable filtering contacts by their location/address information,Medium,3,location-filtering geographic-filtering contact-search location-services,Contacts
151,Story,Filter contacts by date added,,4,Enable filtering contacts by their creation date,Low,2,date-filtering contact-filtering search-filters contact-management,Contacts
152,Story,Search highlighting and result ranking,,4,Implement search result highlighting and intelligent ranking,Medium,3,search-highlighting result-ranking search-functionality user-experience,Contacts
153,Story,View contact details with all information,,4,Implement comprehensive contact details view with all information,Medium,3,contact-details detailed-view contact-display user-interface,Contacts
154,Story,Edit contact information,,4,Enable editing of all contact information fields,Medium,3,contact-editing contact-management data-modification user-input,Contacts
155,Story,Delete contacts with confirmation,,4,Implement contact deletion with confirmation and safety measures,Medium,3,contact-deletion confirmation safety-measures data-protection,Contacts
156,Story,View contact's shared content history,,4,Display history of content shared with specific contacts,Medium,5,shared-content history content-tracking relationship-history,Contacts
157,Story,Send content to contacts via email,,4,Enable sending content to contacts through email integration,High,5,email-sharing content-sharing contact-communication email-integration,Contacts
158,Story,Share content with contact groups,,4,Enable sharing content with entire contact groups,Medium,5,group-sharing content-sharing bulk-sharing contact-groups,Contacts
159,Story,View contact interaction statistics,,4,Display statistics about interactions with specific contacts,Medium,3,interaction-statistics contact-analytics relationship-metrics analytics,Contacts
160,Story,Google Maps integration for contact addresses,,4,Implement Google Maps integration for contact address display and navigation,Medium,5,google-maps addresses location-services navigation contact-management,Contacts
161,Story,Click-to-call phone numbers,,4,Implement click-to-call functionality for contact phone numbers,Low,2,click-to-call phone-integration communication contact-interaction,Contacts
162,Story,Click-to-email addresses,,4,Implement click-to-email functionality for contact email addresses,Low,2,click-to-email email-integration communication contact-interaction,Contacts
163,Story,Share individual content items with specific contacts,,5,Enable sharing of individual content items with selected contacts,High,5,content-sharing individual-sharing contact-sharing sharing-permissions,Sharing
164,Story,Share content with contact groups,,5,Enable sharing content with entire contact groups simultaneously,Medium,5,group-sharing content-sharing bulk-sharing contact-groups,Sharing
165,Story,Share content via email with custom message,,5,Enable sharing content through email with personalized messages,High,5,email-sharing custom-message content-sharing email-integration,Sharing
166,Story,Share content via in-app notifications,,5,Enable sharing content through in-app notification system,Medium,3,in-app-notifications content-sharing notification-system internal-sharing,Sharing
167,Story,Generate shareable links for content,,5,Enable generation of shareable links for content access,High,8,shareable-links link-generation content-access external-sharing,Sharing
168,Story,Set sharing permissions and expiration,,5,Implement sharing permissions and expiration date management,Medium,5,sharing-permissions expiration access-control permission-management,Sharing
169,Story,Track content sharing history,,5,Implement tracking and logging of content sharing activities,Medium,3,sharing-history activity-tracking audit-trail sharing-analytics,Sharing
170,Story,View who accessed shared content,,5,Display information about who accessed shared content,Medium,3,access-tracking shared-content analytics sharing-monitoring,Sharing
171,Story,Revoke sharing access,,5,Enable revocation of sharing access for content items,Medium,3,access-revocation sharing-management permission-control security,Sharing
172,Story,Bulk sharing operations,,5,Enable bulk sharing operations for multiple content items,Medium,5,bulk-sharing batch-operations sharing-efficiency content-management,Sharing
173,Story,Collaborative content tagging,,5,Enable collaborative tagging of shared content by multiple users,Medium,5,collaborative-tagging shared-content teamwork content-organization,Sharing
174,Story,Comments on shared content,,5,Enable commenting functionality on shared content items,Medium,5,comments shared-content collaboration discussion content-interaction,Sharing
175,Story,Content discussion threads,,5,Implement threaded discussions for shared content,Medium,8,discussion-threads comments collaboration content-discussion,Sharing
176,Story,Shared content groups,,5,Implement shared content groups for team collaboration,Medium,5,shared-groups team-collaboration content-groups collaborative-workspaces,Sharing
177,Story,Team content management,,5,Implement team-based content management functionality,High,8,team-management collaborative-content team-workspaces content-organization,Sharing
178,Story,Content approval workflows,,5,Implement approval workflows for shared content,Medium,8,approval-workflows content-moderation workflow-management collaboration,Sharing
179,Story,Version control for shared content,,5,Implement version control for collaboratively edited content,Medium,8,version-control collaborative-editing content-versioning change-tracking,Sharing
180,Story,Collaborative content analysis,,5,Enable collaborative analysis and annotation of shared content,Medium,5,collaborative-analysis shared-content teamwork content-annotation,Sharing
181,Story,Upload images (multiple formats),,6,Enable upload of images in various formats (JPG JPEG PNG GIF BMP WebP SVG TIFF),High,5,image-upload file-upload multiple-formats image-processing,File Management
182,Story,Upload audio files (multiple formats),,6,Enable upload of audio files in various formats (MP3 WAV M4A AAC OGG FLAC WMA),High,5,audio-upload file-upload multiple-formats audio-processing,File Management
183,Story,Upload video files (multiple formats),,6,Enable upload of video files in various formats (MP4 AVI MOV WMV FLV WebM MKV),High,5,video-upload file-upload multiple-formats video-processing,File Management
184,Story,Upload document files,,6,Enable upload of document files (PDF TXT DOC DOCX),Medium,3,document-upload file-upload document-processing text-processing,File Management
185,Story,Drag and drop file upload,,6,Implement drag and drop functionality for file uploads,Medium,5,drag-drop file-upload user-experience upload-interface,File Management
186,Story,Bulk file upload,,6,Enable bulk upload of multiple files simultaneously,Medium,5,bulk-upload file-upload batch-processing upload-efficiency,File Management
187,Story,File type validation,,6,Implement comprehensive file type validation and restrictions,Medium,3,file-validation type-validation security file-processing,File Management
188,Story,File size validation,,6,Implement configurable file size validation and limits,Medium,3,size-validation file-limits configuration file-processing,File Management
189,Story,File virus scanning,,6,Implement virus scanning for uploaded files,High,8,virus-scanning security malware-detection file-security,File Management
190,Story,File duplicate detection,,6,Implement duplicate file detection and handling,Medium,5,duplicate-detection file-deduplication storage-optimization file-management,File Management
191,Story,File compression and optimization,,6,Implement automatic file compression and optimization,Medium,5,file-compression optimization storage-efficiency file-processing,File Management
192,Story,Organize files in folders and collections,,6,Enable organization of files in folders and collections,Medium,5,file-organization folders collections file-management,File Management
193,Story,File tagging and metadata,,6,Enable tagging and metadata management for files,Medium,3,file-tagging metadata file-organization file-management,File Management
194,Story,File search and filtering,,6,Implement comprehensive file search and filtering capabilities,Medium,5,file-search file-filtering search-functionality file-discovery,File Management
195,Story,File versioning and history,,6,Implement file versioning and change history tracking,Medium,5,file-versioning version-control change-history file-lifecycle,File Management
196,Story,File backup and recovery,,6,Implement file backup and recovery functionality,High,8,file-backup disaster-recovery data-protection file-management,File Management
197,Story,Cloud storage integration,,6,Implement Google Cloud Storage integration for file storage,High,8,cloud-storage google-cloud-storage integration storage-backend,File Management
198,Story,File sharing and permissions,,6,Implement file sharing with granular permissions,Medium,5,file-sharing permissions access-control sharing-management,File Management
199,Story,File preview and thumbnails,,6,Implement file preview and thumbnail generation,Medium,5,file-preview thumbnails preview-generation file-display,File Management
200,Story,File download and export,,6,Enable file download and export functionality,Medium,3,file-download file-export data-portability file-access,File Management
201,Story,File statistics and usage reports,,6,Implement file statistics and usage reporting,Medium,3,file-statistics usage-reports analytics file-analytics,File Management
202,Story,View all users with pagination and search,,7,Implement admin interface to view all users with pagination and search,High,5,user-management admin-interface pagination search user-administration,Administration
203,Story,Create new user accounts,,7,Enable administrators to create new user accounts,Medium,5,user-creation admin-functionality account-management user-administration,Administration
204,Story,Edit user profiles and settings,,7,Enable administrators to edit user profiles and settings,Medium,5,user-editing profile-management admin-functionality user-administration,Administration
205,Story,Disable/enable user accounts,,7,Enable administrators to disable and enable user accounts,Medium,3,account-management user-status admin-functionality user-administration,Administration
206,Story,Delete user accounts (with data preservation),,7,Enable administrators to delete user accounts with data preservation options,High,8,account-deletion data-preservation admin-functionality user-administration,Administration
207,Story,Reset user passwords,,7,Enable administrators to reset user passwords,Medium,3,password-reset admin-functionality user-support user-administration,Administration
208,Story,Assign roles and permissions,,7,Enable administrators to assign roles and permissions to users,High,8,role-management permissions rbac user-authorization admin-functionality,Administration
209,Story,View user activity logs,,7,Enable administrators to view comprehensive user activity logs,Medium,5,activity-logs audit-trail user-monitoring admin-functionality,Administration
210,Story,View user content and files,,7,Enable administrators to view user content and files,Medium,3,content-management user-content admin-functionality data-access,Administration
211,Story,Manage user subscriptions,,7,Enable administrators to manage user subscriptions and billing,High,5,subscription-management billing admin-functionality user-accounts,Administration
212,Story,Generate user statistics and reports,,7,Enable generation of user statistics and comprehensive reports,Medium,5,user-statistics reporting analytics admin-functionality,Administration
213,Story,Export user data for compliance,,7,Enable export of user data for compliance and legal requirements,High,5,data-export compliance gdpr user-data admin-functionality,Administration
214,Story,Configure login attempt limits,,7,Enable configuration of login attempt limits and thresholds,Medium,3,login-limits security-configuration admin-settings system-configuration,Administration
215,Story,Configure account lockout duration,,7,Enable configuration of account lockout duration settings,Medium,3,lockout-duration security-configuration admin-settings system-configuration,Administration
216,Story,Configure auto-unlock settings,,7,Enable configuration of automatic account unlock settings,Medium,3,auto-unlock security-configuration admin-settings system-configuration,Administration
217,Story,Configure allowed file types,,7,Enable configuration of allowed file types for uploads,Medium,3,file-type-config upload-settings admin-configuration system-configuration,Administration
218,Story,Configure maximum file sizes,,7,Enable configuration of maximum file sizes for uploads,Medium,3,file-size-config upload-settings admin-configuration system-configuration,Administration
219,Story,Configure IP whitelisting/blacklisting,,7,Enable configuration of IP address whitelisting and blacklisting,Medium,5,ip-configuration access-control security-settings admin-configuration,Administration
220,Story,Configure VPN detection settings,,7,Enable configuration of VPN detection and handling settings,Medium,3,vpn-configuration security-settings admin-configuration system-configuration,Administration
221,Story,Configure email settings and templates,,7,Enable configuration of email settings and template management,Medium,5,email-configuration template-management admin-settings system-configuration,Administration
222,Story,Configure API rate limits,,7,Enable configuration of API rate limits and throttling,Medium,5,rate-limiting api-configuration admin-settings system-configuration,Administration
223,Story,Configure storage settings,,7,Enable configuration of storage settings and limits,Medium,3,storage-configuration admin-settings system-configuration file-management,Administration
224,Story,Configure backup schedules,,7,Enable configuration of automated backup schedules,Medium,5,backup-configuration scheduling admin-settings system-maintenance,Administration
225,Story,Configure security policies,,7,Enable configuration of comprehensive security policies,High,8,security-policies policy-management admin-configuration system-security,Administration
226,Story,View system logs and events,,7,Enable viewing of comprehensive system logs and events,Medium,5,system-logs event-monitoring admin-functionality system-monitoring,Administration
227,Story,Monitor API usage and quotas,,7,Enable monitoring of API usage and quota tracking,Medium,5,api-monitoring usage-tracking quota-management system-monitoring,Administration
228,Story,Monitor storage usage,,7,Enable monitoring of storage usage and capacity,Medium,3,storage-monitoring capacity-tracking system-monitoring resource-management,Administration
229,Story,Monitor performance metrics,,7,Enable monitoring of system performance metrics,Medium,5,performance-monitoring metrics-tracking system-monitoring system-health,Administration
230,Story,Set up alerts and notifications,,7,Enable setup of system alerts and notifications,Medium,5,alerts notifications monitoring-alerts system-monitoring,Administration
231,Story,View error logs and debugging info,,7,Enable viewing of error logs and debugging information,Medium,3,error-logs debugging system-monitoring troubleshooting,Administration
232,Story,Monitor security events,,7,Enable monitoring of security events and threats,High,5,security-monitoring threat-detection security-events system-security,Administration
233,Story,Generate system reports,,7,Enable generation of comprehensive system reports,Medium,5,system-reports reporting analytics admin-functionality,Administration
234,Story,Database maintenance and optimization,,7,Enable database maintenance and performance optimization,High,8,database-maintenance optimization system-maintenance performance-tuning,Administration
235,Story,System health checks,,7,Enable automated system health checks and monitoring,Medium,5,health-checks system-monitoring automated-monitoring system-health,Administration
236,Story,View all contacts across all users (Admin),,7,Enable administrators to view all contacts across all users,Medium,3,contact-administration admin-functionality contact-management data-access,Administration
237,Story,Filter contacts by owner (Admin),,7,Enable administrators to filter contacts by their owner,Low,2,contact-filtering admin-functionality contact-management user-filtering,Administration
238,Story,Edit any contact (Admin override),,7,Enable administrators to edit any contact with override permissions,Medium,3,contact-editing admin-override contact-management data-modification,Administration
239,Story,Delete any contact (Admin override),,7,Enable administrators to delete any contact with override permissions,Medium,3,contact-deletion admin-override contact-management data-protection,Administration
240,Story,View contact statistics (Admin),,7,Enable administrators to view comprehensive contact statistics,Medium,3,contact-statistics admin-analytics contact-reporting analytics,Administration
241,Story,Export contact data (Admin),,7,Enable administrators to export contact data for analysis,Medium,3,contact-export data-export admin-functionality data-portability,Administration
242,Story,Contact data validation and cleanup (Admin),,7,Enable administrators to validate and cleanup contact data,Medium,5,data-validation data-cleanup contact-maintenance admin-functionality,Administration
243,Story,Contact relationship analysis (Admin),,7,Enable administrators to analyze contact relationships and patterns,Medium,5,relationship-analysis contact-analytics admin-functionality data-analysis,Administration
244,Story,Select test files from organized directory structure,,8,Enable selection of test files from organized directory structure for testing,Medium,3,test-files file-selection testing-framework test-configuration,Testing
245,Story,Select test URLs from configured streaming platforms,,8,Enable selection of test URLs from configured streaming platforms,Medium,3,test-urls url-selection testing-framework streaming-platforms,Testing
246,Story,Select AI jobs for testing (all 12 supported types),,8,Enable selection of AI jobs for comprehensive testing of all 12 supported types,Medium,5,ai-testing job-selection testing-framework ai-pipeline,Testing
247,Story,Configure test parameters and settings,,8,Enable configuration of test parameters and settings for testing workflows,Medium,5,test-configuration parameter-setting testing-framework test-setup,Testing
248,Story,Save and load test configurations,,8,Enable saving and loading of test configurations for reuse,Medium,3,configuration-management test-setup testing-framework test-persistence,Testing
249,Story,Schedule automated testing,,8,Enable scheduling of automated testing workflows,Medium,5,test-scheduling automation testing-framework scheduled-tasks,Testing
250,Story,Set up test alerts and notifications,,8,Enable setup of alerts and notifications for test results,Medium,3,test-alerts notifications testing-framework monitoring,Testing
251,Story,Execute comprehensive multimedia testing workflow,,8,Enable execution of comprehensive multimedia testing workflows,High,8,test-execution multimedia-testing testing-workflow automation,Testing
252,Story,Real-time progress monitoring with percentage completion,,8,Implement real-time progress monitoring with percentage completion for tests,Medium,5,progress-monitoring real-time testing-framework monitoring,Testing
253,Story,Live status updates every 2 seconds,,8,Implement live status updates every 2 seconds during test execution,Medium,3,status-updates real-time testing-framework live-monitoring,Testing
254,Story,Pass/fail determination for each test,,8,Implement automatic pass/fail determination for each test case,Medium,5,test-results pass-fail testing-framework result-analysis,Testing
255,Story,Performance metrics collection during testing,,8,Enable collection of performance metrics during test execution,Medium,5,performance-metrics metrics-collection testing-framework performance-monitoring,Testing
256,Story,Error handling and logging during tests,,8,Implement comprehensive error handling and logging during tests,Medium,5,error-handling test-logging testing-framework error-management,Testing
257,Story,Background test execution with form management,,8,Enable background test execution with proper form management,Medium,5,background-execution form-management testing-framework async-processing,Testing
258,Story,Test interruption and resumption,,8,Enable test interruption and resumption functionality,Medium,5,test-control interruption resumption testing-framework test-management,Testing
259,Story,View detailed test results with summaries,,8,Enable viewing of detailed test results with comprehensive summaries,Medium,5,test-results result-display testing-framework result-analysis,Testing
260,Story,View individual test outcomes and reasons,,8,Enable viewing of individual test outcomes with detailed reasons,Medium,3,test-outcomes result-details testing-framework detailed-analysis,Testing
261,Story,View performance metrics and statistics,,8,Enable viewing of performance metrics and statistics from tests,Medium,3,performance-display metrics-visualization testing-framework analytics,Testing
262,Story,Export test results to JSON format,,8,Enable export of test results to JSON format for analysis,Medium,3,result-export json-export testing-framework data-portability,Testing
263,Story,Compare test results across runs,,8,Enable comparison of test results across different test runs,Medium,5,result-comparison test-analysis testing-framework trend-analysis,Testing
264,Story,Generate test reports and analytics,,8,Enable generation of comprehensive test reports and analytics,Medium,5,test-reporting analytics testing-framework report-generation,Testing
265,Story,Test result visualization and charts,,8,Implement test result visualization with charts and graphs,Medium,5,result-visualization charts testing-framework data-visualization,Testing
266,Story,Test history and trend analysis,,8,Enable test history tracking and trend analysis,Medium,5,test-history trend-analysis testing-framework historical-data,Testing
267,Story,Test failure analysis and debugging,,8,Enable detailed test failure analysis and debugging capabilities,Medium,5,failure-analysis debugging testing-framework troubleshooting,Testing
268,Story,Manage test file repository,,8,Enable management of test file repository and organization,Medium,3,file-repository test-management testing-framework file-organization,Testing
269,Story,Update test URL configurations,,8,Enable updating and management of test URL configurations,Medium,3,url-configuration test-management testing-framework configuration-management,Testing
270,Story,Test data cleanup and archival,,8,Enable test data cleanup and archival functionality,Medium,3,data-cleanup archival testing-framework data-management,Testing
271,Story,Test result storage and retrieval,,8,Enable efficient test result storage and retrieval,Medium,3,result-storage data-retrieval testing-framework data-persistence,Testing
272,Story,Test metrics database management,,8,Enable test metrics database management and optimization,Medium,5,metrics-database database-management testing-framework data-management,Testing
273,Story,Test configuration version control,,8,Enable version control for test configurations,Medium,3,configuration-versioning version-control testing-framework change-management,Testing
274,Story,Switch interface language to English,,9,Enable switching interface language to English,Low,2,language-switching english i18n localization,Internationalization
275,Story,Switch interface language to German,,9,Enable switching interface language to German,Low,2,language-switching german i18n localization,Internationalization
276,Story,Switch interface language to French,,9,Enable switching interface language to French,Low,2,language-switching french i18n localization,Internationalization
277,Story,Switch interface language to Italian,,9,Enable switching interface language to Italian,Low,2,language-switching italian i18n localization,Internationalization
278,Story,Switch interface language to Spanish,,9,Enable switching interface language to Spanish,Low,2,language-switching spanish i18n localization,Internationalization
279,Story,Auto-detect browser language preference,,9,Implement automatic detection of browser language preference,Medium,3,language-detection auto-detection i18n user-preferences,Internationalization
280,Story,Localized email notifications,,9,Implement localized email notifications for different languages,Medium,5,email-localization notifications i18n communication,Internationalization
281,Story,Localized error messages,,9,Implement localized error messages for different languages,Medium,3,error-localization i18n user-experience,Internationalization
282,Story,Localized content and labels,,9,Implement localized content and labels throughout the interface,Medium,5,content-localization labels i18n user-interface,Internationalization
283,Story,RTL language support preparation,,9,Prepare infrastructure for RTL language support,Medium,5,rtl-support i18n layout accessibility,Internationalization
284,Story,WCAG 2.1 AA compliance,,9,Implement WCAG 2.1 AA accessibility compliance throughout the application,High,13,wcag accessibility compliance standards,Accessibility
285,Story,Keyboard navigation support,,9,Implement comprehensive keyboard navigation support,Medium,8,keyboard-navigation accessibility user-interaction,Accessibility
286,Story,Screen reader compatibility,,9,Ensure full screen reader compatibility and ARIA support,High,8,screen-reader aria accessibility assistive-technology,Accessibility
287,Story,High contrast mode support,,9,Implement high contrast mode support for visual accessibility,Medium,5,high-contrast visual-accessibility color-schemes,Accessibility
288,Story,Font size adjustment,,9,Implement font size adjustment functionality for accessibility,Medium,3,font-adjustment accessibility visual-accessibility,Accessibility
289,Story,Color blind friendly design,,9,Implement color blind friendly design and color schemes,Medium,5,color-blind accessibility visual-accessibility design,Accessibility
290,Story,Mobile and tablet accessibility,,9,Ensure accessibility on mobile and tablet devices,Medium,5,mobile-accessibility tablet-accessibility responsive-accessibility,Accessibility
291,Story,Voice command support preparation,,9,Prepare infrastructure for voice command support,Low,5,voice-commands accessibility assistive-technology,Accessibility
292,Story,GDPR compliance with data export,,10,Implement comprehensive GDPR compliance with data export functionality,High,8,gdpr data-export compliance privacy,Security
293,Story,CCPA compliance with data deletion,,10,Implement CCPA compliance with data deletion capabilities,High,8,ccpa data-deletion compliance privacy,Security
294,Story,Data encryption at rest and in transit,,10,Implement comprehensive data encryption at rest and in transit,High,8,encryption data-security security rest-transit,Security
295,Story,Personal data anonymization,,10,Implement personal data anonymization for privacy protection,Medium,5,anonymization privacy data-protection gdpr,Security
296,Story,Data retention policy enforcement,,10,Implement automated data retention policy enforcement,Medium,5,data-retention policy-enforcement compliance automation,Security
297,Story,Data breach notification system,,10,Implement automated data breach notification system,High,8,breach-notification security incident-response compliance,Security
298,Story,Privacy policy management,,10,Implement privacy policy management and version control,Medium,3,privacy-policy policy-management compliance legal,Security
299,Story,Terms of service acceptance tracking,,10,Implement terms of service acceptance tracking and versioning,Medium,3,terms-of-service acceptance-tracking compliance legal,Security
300,Story,Real-time security threat detection,,10,Implement real-time security threat detection and monitoring,High,13,threat-detection security-monitoring real-time security,Security
301,Story,Suspicious activity monitoring,,10,Implement comprehensive suspicious activity monitoring,Medium,8,activity-monitoring security behavioral-analysis,Security
302,Story,Brute force attack prevention,,10,Implement brute force attack prevention and mitigation,High,5,brute-force-prevention attack-mitigation security,Security
303,Story,SQL injection protection,,10,Implement comprehensive SQL injection protection,High,5,sql-injection security database-security,Security
304,Story,XSS attack prevention,,10,Implement XSS attack prevention and mitigation,High,5,xss-prevention security web-security,Security
305,Story,CSRF protection,,10,Implement comprehensive CSRF protection,High,3,csrf-protection security web-security,Security
306,Story,Content Security Policy enforcement,,10,Implement and enforce comprehensive Content Security Policy,Medium,5,csp security web-security policy-enforcement,Security
307,Story,Security audit logging,,10,Implement comprehensive security audit logging,Medium,5,audit-logging security compliance monitoring,Security
308,Story,Security incident response,,10,Implement automated security incident response system,High,8,incident-response security automation monitoring,Security
309,Story,Google Cloud Speech-to-Text integration,,11,Implement Google Cloud Speech-to-Text API integration,High,8,google-cloud speech-to-text api-integration ai-services,Integration
310,Story,Google Cloud Vision API integration,,11,Implement Google Cloud Vision API integration,High,8,google-cloud vision-api api-integration ai-services,Integration
311,Story,Google Maps API integration,,11,Implement Google Maps API integration for location services,Medium,5,google-maps api-integration location-services mapping,Integration
312,Story,OpenAI API integration,,11,Implement OpenAI API integration for AI processing,High,8,openai api-integration ai-services nlp,Integration
313,Story,SendGrid email service integration,,11,Implement SendGrid email service integration,Medium,5,sendgrid email-service api-integration communication,Integration
314,Story,Stripe payment processing integration,,11,Implement Stripe payment processing integration,High,8,stripe payment-processing api-integration billing,Integration
315,Story,Twilio SMS service integration,,11,Implement Twilio SMS service integration,Medium,5,twilio sms-service api-integration communication,Integration
316,Story,Social media platform APIs,,11,Implement social media platform API integrations,High,8,social-media api-integration platform-apis,Integration
317,Story,Cloud storage provider integration,,11,Implement cloud storage provider integrations,Medium,5,cloud-storage api-integration storage-services,Integration
318,Story,RESTful API for content management,,11,Implement RESTful API endpoints for content management,High,8,restful-api content-management api-development,API
319,Story,RESTful API for contact management,,11,Implement RESTful API endpoints for contact management,Medium,5,restful-api contact-management api-development,API
320,Story,RESTful API for user management,,11,Implement RESTful API endpoints for user management,Medium,5,restful-api user-management api-development,API
321,Story,RESTful API for multimedia analysis,,11,Implement RESTful API endpoints for multimedia analysis,High,8,restful-api multimedia-analysis api-development,API
322,Story,API authentication and authorization,,11,Implement comprehensive API authentication and authorization,High,8,api-authentication authorization security api-security,API
323,Story,API rate limiting and throttling,,11,Implement API rate limiting and throttling mechanisms,Medium,5,rate-limiting throttling api-security performance,API
324,Story,API documentation and OpenAPI specs,,11,Create comprehensive API documentation and OpenAPI specifications,Medium,5,api-documentation openapi documentation developer-experience,API
325,Story,API versioning and backward compatibility,,11,Implement API versioning with backward compatibility,Medium,5,api-versioning backward-compatibility api-development,API
326,Story,API monitoring and analytics,,11,Implement comprehensive API monitoring and analytics,Medium,5,api-monitoring analytics performance-monitoring,API
327,Story,API key management,,11,Implement API key management and rotation,Medium,5,api-keys key-management security api-security,API
328,Story,Responsive design for smartphones,,12,Implement responsive design optimized for smartphones,High,8,responsive-design mobile-optimization smartphone-ui,Mobile
329,Story,Responsive design for tablets,,12,Implement responsive design optimized for tablets,Medium,5,responsive-design tablet-optimization tablet-ui,Mobile
330,Story,Touch-friendly interface elements,,12,Implement touch-friendly interface elements for mobile devices,Medium,5,touch-interface mobile-ui user-experience,Mobile
331,Story,Mobile-optimized content viewing,,12,Implement mobile-optimized content viewing and interaction,Medium,5,mobile-content content-viewing mobile-optimization,Mobile
332,Story,Mobile file upload functionality,,12,Implement mobile-optimized file upload functionality,Medium,5,mobile-upload file-upload mobile-functionality,Mobile
333,Story,Mobile contact management,,12,Implement mobile-optimized contact management interface,Medium,3,mobile-contacts contact-management mobile-interface,Mobile
334,Story,Mobile content sharing,,12,Implement mobile-optimized content sharing functionality,Medium,3,mobile-sharing content-sharing mobile-functionality,Mobile
335,Story,Mobile notification support,,12,Implement mobile notification support and management,Medium,5,mobile-notifications notifications mobile-functionality,Mobile
336,Story,Mobile performance optimization,,12,Implement mobile-specific performance optimizations,Medium,5,mobile-performance optimization performance-tuning,Mobile
337,Story,Mobile offline capabilities preparation,,12,Prepare infrastructure for mobile offline capabilities,Low,5,offline-capabilities mobile-offline pwa,Mobile
338,Story,User engagement tracking,,13,Implement comprehensive user engagement tracking and analytics,Medium,5,engagement-tracking user-analytics analytics,Analytics
339,Story,Content usage statistics,,13,Implement content usage statistics and analysis,Medium,3,content-analytics usage-statistics analytics,Analytics
340,Story,Feature adoption metrics,,13,Implement feature adoption metrics and tracking,Medium,3,adoption-metrics feature-analytics analytics,Analytics
341,Story,User retention analysis,,13,Implement user retention analysis and reporting,Medium,5,retention-analysis user-analytics analytics,Analytics
342,Story,User behavior insights,,13,Implement user behavior insights and analysis,Medium,5,behavior-insights user-analytics behavioral-analysis,Analytics
343,Story,Performance metrics tracking,,13,Implement comprehensive performance metrics tracking,Medium,3,performance-metrics tracking analytics monitoring,Analytics
344,Story,Error rate monitoring,,13,Implement error rate monitoring and analysis,Medium,3,error-monitoring error-analytics monitoring,Analytics
345,Story,API usage analytics,,13,Implement comprehensive API usage analytics and reporting,Medium,3,api-analytics usage-tracking analytics,Analytics
346,Story,Dashboard with key metrics,,13,Implement analytics dashboard with key business metrics,High,8,analytics-dashboard metrics-dashboard business-intelligence,Analytics
347,Story,Custom report generation,,13,Implement custom report generation and scheduling,Medium,5,custom-reports report-generation business-intelligence,Analytics
348,Story,Data visualization charts,,13,Implement comprehensive data visualization with charts and graphs,Medium,5,data-visualization charts business-intelligence,Analytics
349,Story,Export reports to various formats,,13,Enable export of reports to various formats (PDF Excel CSV),Medium,3,report-export data-export business-intelligence,Analytics
350,Story,Automated report scheduling,,13,Implement automated report scheduling and delivery,Medium,5,report-scheduling automation business-intelligence,Analytics
351,Story,Real-time analytics updates,,13,Implement real-time analytics updates and live dashboards,Medium,5,real-time-analytics live-dashboard analytics,Analytics
352,Story,Predictive analytics preparation,,13,Prepare infrastructure for predictive analytics capabilities,Low,8,predictive-analytics machine-learning analytics,Analytics
353,Story,Cost analysis and optimization,,13,Implement cost analysis and optimization recommendations,Medium,5,cost-analysis optimization business-intelligence,Analytics
