Issue Type,Summary,Description,Epic Link,Priority,Story Points,Labels,Components,Use Case ID
Story,Register with email/password authentication,Implement user registration functionality with email verification and secure password requirements,DV41C-1,High,3,authentication registration email-verification,Authentication,UC-001
Story,Register using Google OAuth 2.0,Enable user registration through Google OAuth 2.0 integration with proper token management,DV41C-1,High,5,oauth google authentication social-login,Authentication,UC-002
Story,Register using Microsoft OAuth 2.0,Enable user registration through Microsoft OAuth 2.0 integration with proper token management,DV41C-1,High,5,oauth microsoft authentication social-login,Authentication,UC-003
Story,Register using Apple OAuth 2.0,Enable user registration through Apple OAuth 2.0 integration with proper token management,DV41C-1,High,5,oauth apple authentication social-login,Authentication,UC-004
Story,Email verification after registration,Implement email verification system with secure tokens and resend functionality,DV41C-1,Medium,3,email-verification security,Authentication,UC-005
Story,Login with username/password,Implement secure login functionality with rate limiting and account lockout protection,DV41C-1,High,3,login authentication security,Authentication,UC-006
Story,Login with social media accounts,Enable login through connected social media accounts (Google Microsoft Apple),DV41C-1,High,3,social-login oauth authentication,Authentication,UC-007
Story,Password reset via email,Implement secure password reset functionality with email verification and token expiration,DV41C-1,Medium,5,password-reset email security,Authentication,UC-008
Story,Enable/disable Two-Factor Authentication (2FA),Implement 2FA functionality with TOTP support and backup codes,DV41C-1,Medium,8,2fa security totp backup-codes,Authentication,UC-009
Story,Link additional OAuth accounts to existing user,Allow users to link multiple OAuth providers to their existing account,DV41C-1,Medium,5,oauth account-linking social-accounts,Authentication,UC-010
Story,Unlink OAuth accounts from profile,Allow users to safely unlink OAuth providers from their profile,DV41C-1,Low,3,oauth account-unlinking profile-management,Authentication,UC-011
Story,Account closure and data deletion,Implement secure account deletion with data cleanup and GDPR compliance,DV41C-1,Medium,8,account-closure gdpr data-deletion,Authentication,UC-012
Story,Update profile information,Allow users to update their profile information (name email preferences),DV41C-1,Low,3,profile-management user-settings,Authentication,UC-013
Story,Change password with verification,Implement secure password change with current password verification,DV41C-1,Medium,3,password-change security verification,Authentication,UC-014
Story,Select preferred language,Implement language selection with interface localization support,DV41C-1,Low,2,i18n language-selection localization,Authentication,UC-015
Story,Manage subscription plans,Implement subscription management for different plan tiers (Free Small Medium Large Unlimited),DV41C-1,High,8,subscription billing plan-management,Authentication,UC-016
Story,View account usage statistics and limits,Display user's current usage against their plan limits and quotas,DV41C-1,Medium,5,usage-statistics limits quotas analytics,Authentication,UC-017
Story,Download account data (GDPR compliance),Implement data export functionality for GDPR compliance requirements,DV41C-1,High,8,gdpr data-export compliance privacy,Authentication,UC-018
Story,Device fingerprinting and trusted device management,Implement device fingerprinting for security and trusted device management,DV41C-1,Medium,8,device-fingerprinting security trusted-devices,Authentication,UC-019
Story,Login attempt tracking and account lockout,Implement login attempt tracking with automatic account lockout for security,DV41C-1,High,5,security login-tracking account-lockout brute-force-protection,Authentication,UC-020
Story,IP address whitelisting/blacklisting,Implement IP-based access control with whitelist and blacklist functionality,DV41C-1,Medium,5,ip-security whitelist blacklist access-control,Authentication,UC-021
Story,VPN and TOR detection,Implement VPN and TOR network detection for security monitoring,DV41C-1,Medium,5,vpn-detection tor-detection security network-analysis,Authentication,UC-022
Story,Security audit log viewing,Implement comprehensive security audit logging and viewing interface,DV41C-1,Medium,5,audit-logging security-monitoring compliance,Authentication,UC-023
Story,Session management and logout from all devices,Implement session management with ability to logout from all devices,DV41C-1,Medium,3,session-management logout security device-management,Authentication,UC-024
Story,Link Facebook account for content access,Enable Facebook account linking for content extraction and analysis,DV41C-2,High,5,facebook social-media account-linking content-extraction,Social Media,UC-025
Story,Link YouTube account for video analysis,Enable YouTube account linking for video content extraction and analysis,DV41C-2,High,5,youtube video-analysis account-linking content-extraction,Social Media,UC-026
Story,Link Instagram account for photo/story analysis,Enable Instagram account linking for photo and story content analysis,DV41C-2,High,5,instagram photo-analysis story-analysis account-linking,Social Media,UC-027
Story,Link TikTok account for video content,Enable TikTok account linking for video content extraction and analysis,DV41C-2,High,5,tiktok video-content account-linking content-extraction,Social Media,UC-028
Story,Link WeChat account for messaging,Enable WeChat account linking for messaging content analysis,DV41C-2,Medium,5,wechat messaging account-linking content-analysis,Social Media,UC-029
Story,Link Facebook Messenger for chat analysis,Enable Facebook Messenger linking for chat content analysis,DV41C-2,Medium,5,facebook-messenger chat-analysis account-linking,Social Media,UC-030
Story,Link Telegram account via bot token,Enable Telegram account linking through bot token integration,DV41C-2,Medium,5,telegram bot-token account-linking messaging,Social Media,UC-031
Story,Link Snapchat account for media,Enable Snapchat account linking for media content extraction,DV41C-2,Medium,5,snapchat media-content account-linking content-extraction,Social Media,UC-032
Story,Link Pinterest account for image boards,Enable Pinterest account linking for image board content analysis,DV41C-2,Medium,5,pinterest image-boards account-linking content-analysis,Social Media,UC-033
Story,Link Twitter/X account for tweets and media,Enable Twitter/X account linking for tweet and media content analysis,DV41C-2,High,5,twitter x-platform tweets media account-linking,Social Media,UC-034
Story,Link WhatsApp Business account,Enable WhatsApp Business account linking for messaging content analysis,DV41C-2,Medium,5,whatsapp-business messaging account-linking content-analysis,Social Media,UC-035
Story,View linked social accounts status,Display status and health of all linked social media accounts,DV41C-2,Low,3,account-status social-accounts health-monitoring,Social Media,UC-036
Story,Refresh OAuth tokens automatically,Implement automatic OAuth token refresh for continuous access,DV41C-2,Medium,5,oauth token-refresh automation social-accounts,Social Media,UC-037
Story,Manage account permissions and scopes,Allow users to manage permissions and scopes for linked social accounts,DV41C-2,Medium,3,permissions scopes account-management social-accounts,Social Media,UC-038
Story,Extract mentions from connected social accounts,Extract and analyze mentions from connected social media platforms,DV41C-2,Medium,5,mentions extraction social-media content-analysis,Social Media,UC-039
Story,Extract direct messages from platforms,Extract and analyze direct messages from supported messaging platforms,DV41C-2,Medium,8,direct-messages extraction messaging content-analysis,Social Media,UC-040
Story,Extract public posts and media,Extract public posts and media content from connected social platforms,DV41C-2,High,8,posts media extraction social-content,Social Media,UC-041
Story,Filter relevant content vs spam/unrelated,Implement intelligent filtering to separate relevant content from spam,DV41C-2,Medium,5,content-filtering spam-detection relevance-analysis,Social Media,UC-042
Story,Extract metadata (title description thumbnails),Extract comprehensive metadata from social media content,DV41C-2,Medium,3,metadata extraction title description thumbnails,Social Media,UC-043
Story,Extract location data from posts,Extract and analyze location data from geotagged social media posts,DV41C-2,Low,3,location-data extraction geotags social-posts,Social Media,UC-044
Story,Extract hashtags and mentions,Extract and analyze hashtags and mentions from social media content,DV41C-2,Low,3,hashtags mentions extraction social-analysis,Social Media,UC-045
Story,Extract engagement metrics,Extract engagement metrics (likes shares comments) from social media content,DV41C-2,Medium,3,engagement-metrics likes shares comments analytics,Social Media,UC-046
Story,Submit YouTube video URL for analysis,Enable URL submission for YouTube video content analysis,DV41C-3,High,5,youtube url-submission video-analysis content-processing,AI Analysis,UC-047
Story,Submit Instagram post/story URL,Enable URL submission for Instagram post and story analysis,DV41C-3,High,5,instagram url-submission post-analysis story-analysis,AI Analysis,UC-048
Story,Submit TikTok video URL,Enable URL submission for TikTok video content analysis,DV41C-3,High,5,tiktok url-submission video-analysis content-processing,AI Analysis,UC-049
Story,Submit Facebook post/video URL,Enable URL submission for Facebook post and video content analysis,DV41C-3,High,5,facebook url-submission post-analysis video-analysis,AI Analysis,UC-050
Story,Submit Twitter/X tweet URL,Enable URL submission for Twitter/X tweet content analysis,DV41C-3,High,5,twitter x-platform url-submission tweet-analysis,AI Analysis,UC-051
Story,Submit Vimeo video URL,Enable URL submission for Vimeo video content analysis,DV41C-3,Medium,3,vimeo url-submission video-analysis content-processing,AI Analysis,UC-052
Story,Submit Twitch stream/clip URL,Enable URL submission for Twitch stream and clip analysis,DV41C-3,Medium,3,twitch url-submission stream-analysis clip-analysis,AI Analysis,UC-053
Story,Submit SoundCloud audio URL,Enable URL submission for SoundCloud audio content analysis,DV41C-3,Medium,3,soundcloud url-submission audio-analysis content-processing,AI Analysis,UC-054
Story,Submit Spotify track URL,Enable URL submission for Spotify track analysis,DV41C-3,Medium,3,spotify url-submission track-analysis audio-processing,AI Analysis,UC-055
Story,Submit direct image URLs,Enable direct image URL submission for analysis (JPG PNG GIF BMP WebP SVG TIFF),DV41C-3,Medium,3,images url-submission image-analysis direct-upload,AI Analysis,UC-056
Story,Submit direct audio URLs,Enable direct audio URL submission for analysis (MP3 WAV M4A AAC OGG FLAC WMA),DV41C-3,Medium,3,audio url-submission audio-analysis direct-upload,AI Analysis,UC-057
Story,Submit direct video URLs,Enable direct video URL submission for analysis (MP4 AVI MOV WMV FLV WebM MKV),DV41C-3,Medium,3,video url-submission video-analysis direct-upload,AI Analysis,UC-058
Story,Upload files directly from device,Enable direct file upload from user's device for analysis,DV41C-3,High,5,file-upload device-upload local-files content-processing,AI Analysis,UC-059
Story,Bulk content submission,Enable bulk submission of multiple content items for batch processing,DV41C-3,Medium,8,bulk-submission batch-processing content-upload efficiency,AI Analysis,UC-060
Story,Schedule content processing,Enable scheduling of content processing for optimal resource utilization,DV41C-3,Medium,5,scheduling content-processing automation resource-management,AI Analysis,UC-061
Story,Object Detection - Identify objects in images and video frames,Implement AI-powered object detection for images and video content,DV41C-3,High,13,object-detection ai-analysis images video computer-vision,AI Analysis,UC-062
Story,Audio Transcription - Convert speech to text with speaker identification,Implement speech-to-text transcription with speaker identification capabilities,DV41C-3,High,13,audio-transcription speech-to-text speaker-identification ai-analysis,AI Analysis,UC-063
Story,Speaker Diarization - Identify different speakers in audio/video,Implement speaker diarization to identify and separate different speakers,DV41C-3,High,8,speaker-diarization audio-analysis speaker-identification ai-processing,AI Analysis,UC-064
Story,Voice Print Recognition - Identify speakers by voice characteristics,Implement voice print recognition for speaker identification by voice characteristics,DV41C-3,Medium,8,voice-print recognition speaker-identification biometric-analysis,AI Analysis,UC-065
Story,Sentiment Analysis - Analyze emotional tone and mood,Implement AI-powered sentiment analysis for emotional tone and mood detection,DV41C-3,High,8,sentiment-analysis emotion-detection mood-analysis ai-nlp,AI Analysis,UC-066
Story,Content Summarization - Generate AI summaries of content,Implement AI-powered content summarization for automatic summary generation,DV41C-3,High,8,content-summarization ai-summary automatic-summary nlp,AI Analysis,UC-067
Story,Thumbnail Generation - Create thumbnails and key moment previews,Implement automatic thumbnail generation and key moment identification,DV41C-3,Medium,5,thumbnail-generation key-moments preview-generation video-processing,AI Analysis,UC-068
Story,OCR Text Extraction - Extract text from images and video frames,Implement OCR text extraction from images and video frames,DV41C-3,High,8,ocr text-extraction image-processing video-frames ai-analysis,AI Analysis,UC-069
Story,Content Categorization - Automatically categorize content by type,Implement automatic content categorization using AI classification,DV41C-3,Medium,5,content-categorization ai-classification automatic-tagging content-analysis,AI Analysis,UC-070
Story,Named Entity Recognition - Identify people places organizations,Implement NER to identify named entities (people places organizations) in content,DV41C-3,Medium,8,named-entity-recognition ner people places organizations nlp,AI Analysis,UC-071
Story,Profanity Detection - Filter inappropriate content,Implement profanity detection and content filtering for inappropriate material,DV41C-3,Medium,5,profanity-detection content-filtering inappropriate-content moderation,AI Analysis,UC-072
Story,Keyword Detection - Identify important keywords and topics,Implement keyword detection to identify important keywords and topics,DV41C-3,Medium,3,keyword-detection topic-identification content-analysis nlp,AI Analysis,UC-073
Story,Image Description - Generate natural language descriptions for images,Implement AI-powered image description generation in natural language,DV41C-3,Medium,8,image-description natural-language ai-vision content-description,AI Analysis,UC-074
Story,Video Analysis - Comprehensive video processing with metadata,Implement comprehensive video analysis with complete metadata extraction,DV41C-3,High,13,video-analysis comprehensive-processing metadata-extraction ai-analysis,AI Analysis,UC-075
Story,Language Detection - Identify content language automatically,Implement automatic language detection for multilingual content,DV41C-3,Low,3,language-detection multilingual content-analysis i18n,AI Analysis,UC-076
Story,Add user-defined tags to content,Enable users to add custom tags to content for organization,DV41C-3,Low,3,user-tags custom-tags content-organization tagging,AI Analysis,UC-077
Story,Add comments and notes to content,Enable users to add comments and notes to content items,DV41C-3,Low,3,comments notes content-annotation user-input,AI Analysis,UC-078
Story,Create content groups and collections,Enable creation of content groups and collections for organization,DV41C-3,Medium,5,content-groups collections organization content-management,AI Analysis,UC-079
Story,Assign content to groups,Enable assignment of content items to existing groups,DV41C-3,Low,2,content-assignment groups organization content-management,AI Analysis,UC-080
Story,Archive and restore content,Implement content archival and restoration functionality,DV41C-3,Medium,3,archive restore content-lifecycle content-management,AI Analysis,UC-081
Story,Delete content permanently,Implement secure permanent content deletion with confirmation,DV41C-3,Medium,3,delete permanent-deletion content-lifecycle security,AI Analysis,UC-082
Story,Bulk content operations,Enable bulk operations (tag group archive delete) on multiple content items,DV41C-3,Medium,8,bulk-operations content-management efficiency batch-processing,AI Analysis,UC-083
Story,Content relationships and linking,Implement content relationship management and linking between items,DV41C-3,Medium,5,content-relationships linking content-connections content-management,AI Analysis,UC-084
Story,Content versioning and history,Implement content versioning and change history tracking,DV41C-3,Medium,5,versioning history change-tracking content-lifecycle,AI Analysis,UC-085
Story,Full-text search across all content,Implement comprehensive full-text search across all content,DV41C-3,High,8,full-text-search search-functionality content-discovery elasticsearch,AI Analysis,UC-086
Story,Filter by content type,Enable filtering by content type (image audio video text),DV41C-3,Low,2,content-filtering type-filtering search-filters content-discovery,AI Analysis,UC-087
Story,Filter by source platform,Enable filtering by source platform for content discovery,DV41C-3,Low,2,platform-filtering source-filtering search-filters content-discovery,AI Analysis,UC-088
Story,Filter by tags,Enable filtering by user-defined and AI-generated tags,DV41C-3,Low,2,tag-filtering search-filters content-discovery content-organization,AI Analysis,UC-089
Story,Filter by date range,Enable filtering by date range for content discovery,DV41C-3,Low,2,date-filtering time-range search-filters content-discovery,AI Analysis,UC-090
Story,Filter by sentiment score,Enable filtering by AI-generated sentiment scores,DV41C-3,Medium,3,sentiment-filtering ai-filtering emotional-analysis content-discovery,AI Analysis,UC-091
Story,Filter by processing status,Enable filtering by content processing status,DV41C-3,Low,2,status-filtering processing-status search-filters content-management,AI Analysis,UC-092
Story,Advanced search with field-specific queries,Implement advanced search with field-specific query capabilities,DV41C-3,Medium,5,advanced-search field-specific query-language search-functionality,AI Analysis,UC-093
Story,Search autocomplete and suggestions,Implement search autocomplete and intelligent suggestions,DV41C-3,Medium,3,autocomplete search-suggestions user-experience search-functionality,AI Analysis,UC-094
Story,Saved search queries,Enable users to save and reuse search queries,DV41C-3,Low,3,saved-searches query-management user-preferences search-functionality,AI Analysis,UC-095
Story,Real-time search results with highlighting,Implement real-time search with result highlighting,DV41C-3,Medium,5,real-time-search result-highlighting search-functionality user-experience,AI Analysis,UC-096
Story,View content in card layout with thumbnails,Implement card layout view for content with thumbnail previews,DV41C-3,Medium,3,card-layout thumbnails content-display user-interface,AI Analysis,UC-097
Story,View content in detailed list view,Implement detailed list view for comprehensive content information,DV41C-3,Medium,3,list-view detailed-view content-display user-interface,AI Analysis,UC-098
Story,View individual content details page,Implement dedicated content details page with full information,DV41C-3,Medium,5,content-details detailed-page content-display user-interface,AI Analysis,UC-099
Story,Edit content metadata,Enable editing of content metadata (title description tags),DV41C-3,Medium,3,metadata-editing content-management user-input content-modification,AI Analysis,UC-100
Story,View AI analysis results in modal,Implement modal view for comprehensive AI analysis results,DV41C-3,Medium,3,ai-results modal-view analysis-display user-interface,AI Analysis,UC-101
Story,Copy transcriptions and summaries to clipboard,Enable copying of AI-generated text content to clipboard,DV41C-3,Low,2,clipboard-copy transcriptions summaries user-experience,AI Analysis,UC-102
Story,Edit AI-generated summaries inline,Enable inline editing of AI-generated summaries,DV41C-3,Medium,3,inline-editing ai-summaries content-modification user-input,AI Analysis,UC-103
Story,Play audio/video content with integrated player,Implement integrated media player for audio and video content,DV41C-3,High,8,media-player audio-player video-player content-playback,AI Analysis,UC-104
Story,Navigate video using clickable transcription timestamps,Enable video navigation through clickable transcription timestamps,DV41C-3,Medium,5,video-navigation transcription-timestamps clickable-timestamps media-player,AI Analysis,UC-105
Story,View video thumbnails and key moments,Display video thumbnails and key moment previews,DV41C-3,Medium,3,video-thumbnails key-moments preview-generation video-analysis,AI Analysis,UC-106
Story,View OCR text regions with timing,Display OCR text regions with timing information for video content,DV41C-3,Medium,5,ocr-regions timing-information text-overlay video-analysis,AI Analysis,UC-107
Story,View speaker identification results,Display speaker identification results with confidence scores,DV41C-3,Medium,3,speaker-identification results-display confidence-scores audio-analysis,AI Analysis,UC-108
Story,Export content data to various formats,Enable export of content data to multiple formats (JSON CSV PDF),DV41C-3,Medium,5,data-export multiple-formats json csv pdf content-export,AI Analysis,UC-109
Story,Create new contact with basic information,Enable creation of new contacts with essential contact information,DV41C-4,High,3,contact-creation basic-information contact-management crm,Contacts,UC-110
Story,Add multiple phone numbers with custom labels,Enable adding multiple phone numbers with custom labels to contacts,DV41C-4,Medium,3,phone-numbers custom-labels contact-details contact-management,Contacts,UC-111
Story,Add multiple email addresses with custom labels,Enable adding multiple email addresses with custom labels to contacts,DV41C-4,Medium,3,email-addresses custom-labels contact-details contact-management,Contacts,UC-112
Story,Add multiple addresses with Google Maps integration,Enable adding multiple addresses with Google Maps integration,DV41C-4,Medium,5,addresses google-maps integration location-services contact-management,Contacts,UC-113
Story,Add social media profiles and handles,Enable adding social media profiles and handles to contacts,DV41C-4,Medium,3,social-profiles handles social-media contact-details,Contacts,UC-114
Story,Add instant messaging accounts,Enable adding instant messaging accounts to contact profiles,DV41C-4,Low,2,instant-messaging accounts contact-details communication,Contacts,UC-115
Story,Add websites and URLs,Enable adding websites and URLs to contact profiles,DV41C-4,Low,2,websites urls contact-details online-presence,Contacts,UC-116
Story,Add important dates,Enable adding important dates (birthday anniversary) to contacts,DV41C-4,Low,2,important-dates birthday anniversary contact-details,Contacts,UC-117
Story,Add notes and custom fields,Enable adding notes and custom fields to contact profiles,DV41C-4,Medium,3,notes custom-fields contact-details personalization,Contacts,UC-118
Story,Add profile photos and avatars,Enable adding profile photos and avatars to contacts,DV41C-4,Low,3,profile-photos avatars contact-details visual-identification,Contacts,UC-119
Story,Phone number validation with international formats,Implement phone number validation supporting international formats,DV41C-4,Medium,5,phone-validation international-formats validation contact-management,Contacts,UC-120
Story,Email address validation,Implement comprehensive email address validation,DV41C-4,Low,2,email-validation validation contact-management data-integrity,Contacts,UC-121
Story,Address autocomplete with Google Maps Places API,Implement address autocomplete using Google Maps Places API,DV41C-4,Medium,5,address-autocomplete google-maps places-api location-services,Contacts,UC-122
Story,Create contact groups,Enable creation of contact groups (Friends Work Family etc.),DV41C-4,Medium,3,contact-groups group-management organization contact-management,Contacts,UC-123
Story,Assign contacts to multiple groups,Enable assignment of contacts to multiple groups,DV41C-4,Low,2,group-assignment multiple-groups contact-organization contact-management,Contacts,UC-124
Story,Define relationships between contacts,Enable defining relationships between contacts (father mother spouse etc.),DV41C-4,Medium,5,contact-relationships family-relationships relationship-management contact-management,Contacts,UC-125
Story,Create custom relationship types,Enable creation of custom relationship types beyond predefined ones,DV41C-4,Low,3,custom-relationships relationship-types personalization contact-management,Contacts,UC-126
Story,View relationship graphs and connections,Implement visualization of relationship graphs and connections between contacts,DV41C-4,Medium,8,relationship-graphs visualization connections contact-analysis,Contacts,UC-127
Story,Import contacts from CSV files,Enable importing contacts from CSV files with mapping functionality,DV41C-4,Medium,5,csv-import contact-import data-migration bulk-operations,Contacts,UC-128
Story,Export contacts to vCard format,Enable exporting contacts to vCard format for compatibility,DV41C-4,Low,3,vcard-export contact-export data-portability standards-compliance,Contacts,UC-129
Story,Export contacts to CSV format,Enable exporting contacts to CSV format for data portability,DV41C-4,Low,3,csv-export contact-export data-portability bulk-operations,Contacts,UC-130
Story,Bulk contact operations,Enable bulk operations on multiple contacts simultaneously,DV41C-4,Medium,5,bulk-operations contact-management efficiency batch-processing,Contacts,UC-131
Story,Live search across all contact fields,Implement live search functionality across all contact fields,DV41C-4,High,5,live-search contact-search real-time-search search-functionality,Contacts,UC-132
Story,Advanced search with field-specific queries,Implement advanced search with field-specific query capabilities for contacts,DV41C-4,Medium,5,advanced-search field-specific contact-search query-language,Contacts,UC-133
Story,Search autocomplete for contact fields,Implement search autocomplete for contact field values,DV41C-4,Medium,3,search-autocomplete contact-search user-experience search-functionality,Contacts,UC-134
Story,Filter contacts by group membership,Enable filtering contacts by their group membership,DV41C-4,Low,2,group-filtering contact-filtering search-filters contact-organization,Contacts,UC-135
Story,Filter contacts by relationship type,Enable filtering contacts by their relationship types,DV41C-4,Low,2,relationship-filtering contact-filtering search-filters relationship-management,Contacts,UC-136
Story,Filter contacts by location,Enable filtering contacts by their location/address information,DV41C-4,Medium,3,location-filtering geographic-filtering contact-search location-services,Contacts,UC-137
Story,Filter contacts by date added,Enable filtering contacts by their creation date,DV41C-4,Low,2,date-filtering contact-filtering search-filters contact-management,Contacts,UC-138
Story,Search highlighting and result ranking,Implement search result highlighting and intelligent ranking,DV41C-4,Medium,3,search-highlighting result-ranking search-functionality user-experience,Contacts,UC-139
Story,View contact details with all information,Implement comprehensive contact details view with all information,DV41C-4,Medium,3,contact-details detailed-view contact-display user-interface,Contacts,UC-140
Story,Edit contact information,Enable editing of all contact information fields,DV41C-4,Medium,3,contact-editing contact-management data-modification user-input,Contacts,UC-141
Story,Delete contacts with confirmation,Implement contact deletion with confirmation and safety measures,DV41C-4,Medium,3,contact-deletion confirmation safety-measures data-protection,Contacts,UC-142
Story,View contact's shared content history,Display history of content shared with specific contacts,DV41C-4,Medium,5,shared-content history content-tracking relationship-history,Contacts,UC-143
Story,Send content to contacts via email,Enable sending content to contacts through email integration,DV41C-4,High,5,email-sharing content-sharing contact-communication email-integration,Contacts,UC-144
Story,Share content with contact groups,Enable sharing content with entire contact groups,DV41C-4,Medium,5,group-sharing content-sharing bulk-sharing contact-groups,Contacts,UC-145
Story,View contact interaction statistics,Display statistics about interactions with specific contacts,DV41C-4,Medium,3,interaction-statistics contact-analytics relationship-metrics analytics,Contacts,UC-146
Story,Google Maps integration for contact addresses,Implement Google Maps integration for contact address display and navigation,DV41C-4,Medium,5,google-maps addresses location-services navigation contact-management,Contacts,UC-147
Story,Click-to-call phone numbers,Implement click-to-call functionality for contact phone numbers,DV41C-4,Low,2,click-to-call phone-integration communication contact-interaction,Contacts,UC-148
Story,Click-to-email addresses,Implement click-to-email functionality for contact email addresses,DV41C-4,Low,2,click-to-email email-integration communication contact-interaction,Contacts,UC-149
Story,Share individual content items with specific contacts,Enable sharing of individual content items with selected contacts,DV41C-5,High,5,content-sharing individual-sharing contact-sharing sharing-permissions,Sharing,UC-150
Story,Share content with contact groups,Enable sharing content with entire contact groups simultaneously,DV41C-5,Medium,5,group-sharing content-sharing bulk-sharing contact-groups,Sharing,UC-151
Story,Share content via email with custom message,Enable sharing content through email with personalized messages,DV41C-5,High,5,email-sharing custom-message content-sharing email-integration,Sharing,UC-152
Story,Share content via in-app notifications,Enable sharing content through in-app notification system,DV41C-5,Medium,3,in-app-notifications content-sharing notification-system internal-sharing,Sharing,UC-153
Story,Generate shareable links for content,Enable generation of shareable links for content access,DV41C-5,High,8,shareable-links link-generation content-access external-sharing,Sharing,UC-154
Story,Set sharing permissions and expiration,Implement sharing permissions and expiration date management,DV41C-5,Medium,5,sharing-permissions expiration access-control permission-management,Sharing,UC-155
Story,Track content sharing history,Implement tracking and logging of content sharing activities,DV41C-5,Medium,3,sharing-history activity-tracking audit-trail sharing-analytics,Sharing,UC-156
Story,View who accessed shared content,Display information about who accessed shared content,DV41C-5,Medium,3,access-tracking shared-content analytics sharing-monitoring,Sharing,UC-157
Story,Revoke sharing access,Enable revocation of sharing access for content items,DV41C-5,Medium,3,access-revocation sharing-management permission-control security,Sharing,UC-158
Story,Bulk sharing operations,Enable bulk sharing operations for multiple content items,DV41C-5,Medium,5,bulk-sharing batch-operations sharing-efficiency content-management,Sharing,UC-159
Story,Collaborative content tagging,Enable collaborative tagging of shared content by multiple users,DV41C-5,Medium,5,collaborative-tagging shared-content teamwork content-organization,Sharing,UC-160
Story,Comments on shared content,Enable commenting functionality on shared content items,DV41C-5,Medium,5,comments shared-content collaboration discussion content-interaction,Sharing,UC-161
Story,Content discussion threads,Implement threaded discussions for shared content,DV41C-5,Medium,8,discussion-threads comments collaboration content-discussion,Sharing,UC-162
Story,Shared content groups,Implement shared content groups for team collaboration,DV41C-5,Medium,5,shared-groups team-collaboration content-groups collaborative-workspaces,Sharing,UC-163
Story,Team content management,Implement team-based content management functionality,DV41C-5,High,8,team-management collaborative-content team-workspaces content-organization,Sharing,UC-164
Story,Content approval workflows,Implement approval workflows for shared content,DV41C-5,Medium,8,approval-workflows content-moderation workflow-management collaboration,Sharing,UC-165
Story,Version control for shared content,Implement version control for collaboratively edited content,DV41C-5,Medium,8,version-control collaborative-editing content-versioning change-tracking,Sharing,UC-166
Story,Collaborative content analysis,Enable collaborative analysis and annotation of shared content,DV41C-5,Medium,5,collaborative-analysis shared-content teamwork content-annotation,Sharing,UC-167
Story,Upload images (multiple formats),Enable upload of images in various formats (JPG JPEG PNG GIF BMP WebP SVG TIFF),DV41C-6,High,5,image-upload file-upload multiple-formats image-processing,File Management,UC-168
Story,Upload audio files (multiple formats),Enable upload of audio files in various formats (MP3 WAV M4A AAC OGG FLAC WMA),DV41C-6,High,5,audio-upload file-upload multiple-formats audio-processing,File Management,UC-169
Story,Upload video files (multiple formats),Enable upload of video files in various formats (MP4 AVI MOV WMV FLV WebM MKV),DV41C-6,High,5,video-upload file-upload multiple-formats video-processing,File Management,UC-170
Story,Upload document files,Enable upload of document files (PDF TXT DOC DOCX),DV41C-6,Medium,3,document-upload file-upload document-processing text-processing,File Management,UC-171
Story,Drag and drop file upload,Implement drag and drop functionality for file uploads,DV41C-6,Medium,5,drag-drop file-upload user-experience upload-interface,File Management,UC-172
Story,Bulk file upload,Enable bulk upload of multiple files simultaneously,DV41C-6,Medium,5,bulk-upload file-upload batch-processing upload-efficiency,File Management,UC-173
Story,File type validation,Implement comprehensive file type validation and restrictions,DV41C-6,Medium,3,file-validation type-validation security file-processing,File Management,UC-174
Story,File size validation,Implement configurable file size validation and limits,DV41C-6,Medium,3,size-validation file-limits configuration file-processing,File Management,UC-175
Story,File virus scanning,Implement virus scanning for uploaded files,DV41C-6,High,8,virus-scanning security malware-detection file-security,File Management,UC-176
Story,File duplicate detection,Implement duplicate file detection and handling,DV41C-6,Medium,5,duplicate-detection file-deduplication storage-optimization file-management,File Management,UC-177
Story,File compression and optimization,Implement automatic file compression and optimization,DV41C-6,Medium,5,file-compression optimization storage-efficiency file-processing,File Management,UC-178
Story,Organize files in folders and collections,Enable organization of files in folders and collections,DV41C-6,Medium,5,file-organization folders collections file-management,File Management,UC-179
Story,File tagging and metadata,Enable tagging and metadata management for files,DV41C-6,Medium,3,file-tagging metadata file-organization file-management,File Management,UC-180
Story,File search and filtering,Implement comprehensive file search and filtering capabilities,DV41C-6,Medium,5,file-search file-filtering search-functionality file-discovery,File Management,UC-181
Story,File versioning and history,Implement file versioning and change history tracking,DV41C-6,Medium,5,file-versioning version-control change-history file-lifecycle,File Management,UC-182
Story,File backup and recovery,Implement file backup and recovery functionality,DV41C-6,High,8,file-backup disaster-recovery data-protection file-management,File Management,UC-183
Story,Cloud storage integration,Implement Google Cloud Storage integration for file storage,DV41C-6,High,8,cloud-storage google-cloud-storage integration storage-backend,File Management,UC-184
Story,File sharing and permissions,Implement file sharing with granular permissions,DV41C-6,Medium,5,file-sharing permissions access-control sharing-management,File Management,UC-185
Story,File preview and thumbnails,Implement file preview and thumbnail generation,DV41C-6,Medium,5,file-preview thumbnails preview-generation file-display,File Management,UC-186
Story,File download and export,Enable file download and export functionality,DV41C-6,Medium,3,file-download file-export data-portability file-access,File Management,UC-187
Story,File statistics and usage reports,Implement file statistics and usage reporting,DV41C-6,Medium,3,file-statistics usage-reports analytics file-analytics,File Management,UC-188
Story,View all users with pagination and search,Implement admin interface to view all users with pagination and search,DV41C-7,High,5,user-management admin-interface pagination search user-administration,Administration,UC-189
Story,Create new user accounts,Enable administrators to create new user accounts,DV41C-7,Medium,5,user-creation admin-functionality account-management user-administration,Administration,UC-190
Story,Edit user profiles and settings,Enable administrators to edit user profiles and settings,DV41C-7,Medium,5,user-editing profile-management admin-functionality user-administration,Administration,UC-191
Story,Disable/enable user accounts,Enable administrators to disable and enable user accounts,DV41C-7,Medium,3,account-management user-status admin-functionality user-administration,Administration,UC-192
Story,Delete user accounts (with data preservation),Enable administrators to delete user accounts with data preservation options,DV41C-7,High,8,account-deletion data-preservation admin-functionality user-administration,Administration,UC-193
Story,Reset user passwords,Enable administrators to reset user passwords,DV41C-7,Medium,3,password-reset admin-functionality user-support user-administration,Administration,UC-194
Story,Assign roles and permissions,Enable administrators to assign roles and permissions to users,DV41C-7,High,8,role-management permissions rbac user-authorization admin-functionality,Administration,UC-195
Story,View user activity logs,Enable administrators to view comprehensive user activity logs,DV41C-7,Medium,5,activity-logs audit-trail user-monitoring admin-functionality,Administration,UC-196
Story,View user content and files,Enable administrators to view user content and files,DV41C-7,Medium,3,content-management user-content admin-functionality data-access,Administration,UC-197
Story,Manage user subscriptions,Enable administrators to manage user subscriptions and billing,DV41C-7,High,5,subscription-management billing admin-functionality user-accounts,Administration,UC-198
Story,Generate user statistics and reports,Enable generation of user statistics and comprehensive reports,DV41C-7,Medium,5,user-statistics reporting analytics admin-functionality,Administration,UC-199
Story,Export user data for compliance,Enable export of user data for compliance and legal requirements,DV41C-7,High,5,data-export compliance gdpr user-data admin-functionality,Administration,UC-200
Story,Configure login attempt limits,Enable configuration of login attempt limits and thresholds,DV41C-7,Medium,3,login-limits security-configuration admin-settings system-configuration,Administration,UC-201
Story,Configure account lockout duration,Enable configuration of account lockout duration settings,DV41C-7,Medium,3,lockout-duration security-configuration admin-settings system-configuration,Administration,UC-202
Story,Configure auto-unlock settings,Enable configuration of automatic account unlock settings,DV41C-7,Medium,3,auto-unlock security-configuration admin-settings system-configuration,Administration,UC-203
Story,Configure allowed file types,Enable configuration of allowed file types for uploads,DV41C-7,Medium,3,file-type-config upload-settings admin-configuration system-configuration,Administration,UC-204
Story,Configure maximum file sizes,Enable configuration of maximum file sizes for uploads,DV41C-7,Medium,3,file-size-config upload-settings admin-configuration system-configuration,Administration,UC-205
Story,Configure IP whitelisting/blacklisting,Enable configuration of IP address whitelisting and blacklisting,DV41C-7,Medium,5,ip-configuration access-control security-settings admin-configuration,Administration,UC-206
Story,Configure VPN detection settings,Enable configuration of VPN detection and handling settings,DV41C-7,Medium,3,vpn-configuration security-settings admin-configuration system-configuration,Administration,UC-207
Story,Configure email settings and templates,Enable configuration of email settings and template management,DV41C-7,Medium,5,email-configuration template-management admin-settings system-configuration,Administration,UC-208
Story,Configure API rate limits,Enable configuration of API rate limits and throttling,DV41C-7,Medium,5,rate-limiting api-configuration admin-settings system-configuration,Administration,UC-209
Story,Configure storage settings,Enable configuration of storage settings and limits,DV41C-7,Medium,3,storage-configuration admin-settings system-configuration file-management,Administration,UC-210
Story,Configure backup schedules,Enable configuration of automated backup schedules,DV41C-7,Medium,5,backup-configuration scheduling admin-settings system-maintenance,Administration,UC-211
Story,Configure security policies,Enable configuration of comprehensive security policies,DV41C-7,High,8,security-policies policy-management admin-configuration system-security,Administration,UC-212
Story,View system logs and events,Enable viewing of comprehensive system logs and events,DV41C-7,Medium,5,system-logs event-monitoring admin-functionality system-monitoring,Administration,UC-213
Story,Monitor API usage and quotas,Enable monitoring of API usage and quota tracking,DV41C-7,Medium,5,api-monitoring usage-tracking quota-management system-monitoring,Administration,UC-214
Story,Monitor storage usage,Enable monitoring of storage usage and capacity,DV41C-7,Medium,3,storage-monitoring capacity-tracking system-monitoring resource-management,Administration,UC-215
Story,Monitor performance metrics,Enable monitoring of system performance metrics,DV41C-7,Medium,5,performance-monitoring metrics-tracking system-monitoring system-health,Administration,UC-216
Story,Set up alerts and notifications,Enable setup of system alerts and notifications,DV41C-7,Medium,5,alerts notifications monitoring-alerts system-monitoring,Administration,UC-217
Story,View error logs and debugging info,Enable viewing of error logs and debugging information,DV41C-7,Medium,3,error-logs debugging system-monitoring troubleshooting,Administration,UC-218
Story,Monitor security events,Enable monitoring of security events and threats,DV41C-7,High,5,security-monitoring threat-detection security-events system-security,Administration,UC-219
Story,Generate system reports,Enable generation of comprehensive system reports,DV41C-7,Medium,5,system-reports reporting analytics admin-functionality,Administration,UC-220
Story,Database maintenance and optimization,Enable database maintenance and performance optimization,DV41C-7,High,8,database-maintenance optimization system-maintenance performance-tuning,Administration,UC-221
Story,System health checks,Enable automated system health checks and monitoring,DV41C-7,Medium,5,health-checks system-monitoring automated-monitoring system-health,Administration,UC-222
Story,View all contacts across all users (Admin),Enable administrators to view all contacts across all users,DV41C-7,Medium,3,contact-administration admin-functionality contact-management data-access,Administration,UC-223
Story,Filter contacts by owner (Admin),Enable administrators to filter contacts by their owner,DV41C-7,Low,2,contact-filtering admin-functionality contact-management user-filtering,Administration,UC-224
Story,Edit any contact (Admin override),Enable administrators to edit any contact with override permissions,DV41C-7,Medium,3,contact-editing admin-override contact-management data-modification,Administration,UC-225
Story,Delete any contact (Admin override),Enable administrators to delete any contact with override permissions,DV41C-7,Medium,3,contact-deletion admin-override contact-management data-protection,Administration,UC-226
Story,View contact statistics (Admin),Enable administrators to view comprehensive contact statistics,DV41C-7,Medium,3,contact-statistics admin-analytics contact-reporting analytics,Administration,UC-227
Story,Export contact data (Admin),Enable administrators to export contact data for analysis,DV41C-7,Medium,3,contact-export data-export admin-functionality data-portability,Administration,UC-228
Story,Contact data validation and cleanup (Admin),Enable administrators to validate and cleanup contact data,DV41C-7,Medium,5,data-validation data-cleanup contact-maintenance admin-functionality,Administration,UC-229
Story,Contact relationship analysis (Admin),Enable administrators to analyze contact relationships and patterns,DV41C-7,Medium,5,relationship-analysis contact-analytics admin-functionality data-analysis,Administration,UC-230
Story,Select test files from organized directory structure,Enable selection of test files from organized directory structure for testing,DV41C-8,Medium,3,test-files file-selection testing-framework test-configuration,Testing,UC-231
Story,Select test URLs from configured streaming platforms,Enable selection of test URLs from configured streaming platforms,DV41C-8,Medium,3,test-urls url-selection testing-framework streaming-platforms,Testing,UC-232
Story,Select AI jobs for testing (all 12 supported types),Enable selection of AI jobs for comprehensive testing of all 12 supported types,DV41C-8,Medium,5,ai-testing job-selection testing-framework ai-pipeline,Testing,UC-233
Story,Configure test parameters and settings,Enable configuration of test parameters and settings for testing workflows,DV41C-8,Medium,5,test-configuration parameter-setting testing-framework test-setup,Testing,UC-234
Story,Save and load test configurations,Enable saving and loading of test configurations for reuse,DV41C-8,Medium,3,configuration-management test-setup testing-framework test-persistence,Testing,UC-235
Story,Schedule automated testing,Enable scheduling of automated testing workflows,DV41C-8,Medium,5,test-scheduling automation testing-framework scheduled-tasks,Testing,UC-236
Story,Set up test alerts and notifications,Enable setup of alerts and notifications for test results,DV41C-8,Medium,3,test-alerts notifications testing-framework monitoring,Testing,UC-237
Story,Execute comprehensive multimedia testing workflow,Enable execution of comprehensive multimedia testing workflows,DV41C-8,High,8,test-execution multimedia-testing testing-workflow automation,Testing,UC-238
Story,Real-time progress monitoring with percentage completion,Implement real-time progress monitoring with percentage completion for tests,DV41C-8,Medium,5,progress-monitoring real-time testing-framework monitoring,Testing,UC-239
Story,Live status updates every 2 seconds,Implement live status updates every 2 seconds during test execution,DV41C-8,Medium,3,status-updates real-time testing-framework live-monitoring,Testing,UC-240
Story,Pass/fail determination for each test,Implement automatic pass/fail determination for each test case,DV41C-8,Medium,5,test-results pass-fail testing-framework result-analysis,Testing,UC-241
Story,Performance metrics collection during testing,Enable collection of performance metrics during test execution,DV41C-8,Medium,5,performance-metrics metrics-collection testing-framework performance-monitoring,Testing,UC-242
Story,Error handling and logging during tests,Implement comprehensive error handling and logging during tests,DV41C-8,Medium,5,error-handling test-logging testing-framework error-management,Testing,UC-243
Story,Background test execution with form management,Enable background test execution with proper form management,DV41C-8,Medium,5,background-execution form-management testing-framework async-processing,Testing,UC-244
Story,Test interruption and resumption,Enable test interruption and resumption functionality,DV41C-8,Medium,5,test-control interruption resumption testing-framework test-management,Testing,UC-245
Story,View detailed test results with summaries,Enable viewing of detailed test results with comprehensive summaries,DV41C-8,Medium,5,test-results result-display testing-framework result-analysis,Testing,UC-246
Story,View individual test outcomes and reasons,Enable viewing of individual test outcomes with detailed reasons,DV41C-8,Medium,3,test-outcomes result-details testing-framework detailed-analysis,Testing,UC-247
Story,View performance metrics and statistics,Enable viewing of performance metrics and statistics from tests,DV41C-8,Medium,3,performance-display metrics-visualization testing-framework analytics,Testing,UC-248
Story,Export test results to JSON format,Enable export of test results to JSON format for analysis,DV41C-8,Medium,3,result-export json-export testing-framework data-portability,Testing,UC-249
Story,Compare test results across runs,Enable comparison of test results across different test runs,DV41C-8,Medium,5,result-comparison test-analysis testing-framework trend-analysis,Testing,UC-250
Story,Generate test reports and analytics,Enable generation of comprehensive test reports and analytics,DV41C-8,Medium,5,test-reporting analytics testing-framework report-generation,Testing,UC-251
Story,Test result visualization and charts,Implement test result visualization with charts and graphs,DV41C-8,Medium,5,result-visualization charts testing-framework data-visualization,Testing,UC-252
Story,Test history and trend analysis,Enable test history tracking and trend analysis,DV41C-8,Medium,5,test-history trend-analysis testing-framework historical-data,Testing,UC-253
Story,Test failure analysis and debugging,Enable detailed test failure analysis and debugging capabilities,DV41C-8,Medium,5,failure-analysis debugging testing-framework troubleshooting,Testing,UC-254
Story,Manage test file repository,Enable management of test file repository and organization,DV41C-8,Medium,3,file-repository test-management testing-framework file-organization,Testing,UC-255
Story,Update test URL configurations,Enable updating and management of test URL configurations,DV41C-8,Medium,3,url-configuration test-management testing-framework configuration-management,Testing,UC-256
Story,Test data cleanup and archival,Enable test data cleanup and archival functionality,DV41C-8,Medium,3,data-cleanup archival testing-framework data-management,Testing,UC-257
Story,Test result storage and retrieval,Enable efficient test result storage and retrieval,DV41C-8,Medium,3,result-storage data-retrieval testing-framework data-persistence,Testing,UC-258
Story,Test metrics database management,Enable test metrics database management and optimization,DV41C-8,Medium,5,metrics-database database-management testing-framework data-management,Testing,UC-259
Story,Test configuration version control,Enable version control for test configurations,DV41C-8,Medium,3,configuration-versioning version-control testing-framework change-management,Testing,UC-260
Story,Switch interface language to English,Enable switching interface language to English,DV41C-9,Low,2,language-switching english i18n localization,Internationalization,UC-261
Story,Switch interface language to German,Enable switching interface language to German,DV41C-9,Low,2,language-switching german i18n localization,Internationalization,UC-262
Story,Switch interface language to French,Enable switching interface language to French,DV41C-9,Low,2,language-switching french i18n localization,Internationalization,UC-263
Story,Switch interface language to Italian,Enable switching interface language to Italian,DV41C-9,Low,2,language-switching italian i18n localization,Internationalization,UC-264
Story,Switch interface language to Spanish,Enable switching interface language to Spanish,DV41C-9,Low,2,language-switching spanish i18n localization,Internationalization,UC-265
Story,Auto-detect browser language preference,Implement automatic detection of browser language preference,DV41C-9,Medium,3,language-detection auto-detection i18n user-preferences,Internationalization,UC-266
Story,Localized email notifications,Implement localized email notifications for different languages,DV41C-9,Medium,5,email-localization notifications i18n communication,Internationalization,UC-267
Story,Localized error messages,Implement localized error messages for different languages,DV41C-9,Medium,3,error-localization i18n user-experience,Internationalization,UC-268
Story,Localized content and labels,Implement localized content and labels throughout the interface,DV41C-9,Medium,5,content-localization labels i18n user-interface,Internationalization,UC-269
Story,RTL language support preparation,Prepare infrastructure for RTL language support,DV41C-9,Medium,5,rtl-support i18n layout accessibility,Internationalization,UC-270
Story,WCAG 2.1 AA compliance,Implement WCAG 2.1 AA accessibility compliance throughout the application,DV41C-9,High,13,wcag accessibility compliance standards,Accessibility,UC-271
Story,Keyboard navigation support,Implement comprehensive keyboard navigation support,DV41C-9,Medium,8,keyboard-navigation accessibility user-interaction,Accessibility,UC-272
Story,Screen reader compatibility,Ensure full screen reader compatibility and ARIA support,DV41C-9,High,8,screen-reader aria accessibility assistive-technology,Accessibility,UC-273
Story,High contrast mode support,Implement high contrast mode support for visual accessibility,DV41C-9,Medium,5,high-contrast visual-accessibility color-schemes,Accessibility,UC-274
Story,Font size adjustment,Implement font size adjustment functionality for accessibility,DV41C-9,Medium,3,font-adjustment accessibility visual-accessibility,Accessibility,UC-275
Story,Color blind friendly design,Implement color blind friendly design and color schemes,DV41C-9,Medium,5,color-blind accessibility visual-accessibility design,Accessibility,UC-276
Story,Mobile and tablet accessibility,Ensure accessibility on mobile and tablet devices,DV41C-9,Medium,5,mobile-accessibility tablet-accessibility responsive-accessibility,Accessibility,UC-277
Story,Voice command support preparation,Prepare infrastructure for voice command support,DV41C-9,Low,5,voice-commands accessibility assistive-technology,Accessibility,UC-278
Story,GDPR compliance with data export,Implement comprehensive GDPR compliance with data export functionality,DV41C-10,High,8,gdpr data-export compliance privacy,Security,UC-279
Story,CCPA compliance with data deletion,Implement CCPA compliance with data deletion capabilities,DV41C-10,High,8,ccpa data-deletion compliance privacy,Security,UC-280
Story,Data encryption at rest and in transit,Implement comprehensive data encryption at rest and in transit,DV41C-10,High,8,encryption data-security security rest-transit,Security,UC-281
Story,Personal data anonymization,Implement personal data anonymization for privacy protection,DV41C-10,Medium,5,anonymization privacy data-protection gdpr,Security,UC-282
Story,Data retention policy enforcement,Implement automated data retention policy enforcement,DV41C-10,Medium,5,data-retention policy-enforcement compliance automation,Security,UC-283
Story,Data breach notification system,Implement automated data breach notification system,DV41C-10,High,8,breach-notification security incident-response compliance,Security,UC-284
Story,Privacy policy management,Implement privacy policy management and version control,DV41C-10,Medium,3,privacy-policy policy-management compliance legal,Security,UC-285
Story,Terms of service acceptance tracking,Implement terms of service acceptance tracking and versioning,DV41C-10,Medium,3,terms-of-service acceptance-tracking compliance legal,Security,UC-286
Story,Real-time security threat detection,Implement real-time security threat detection and monitoring,DV41C-10,High,13,threat-detection security-monitoring real-time security,Security,UC-287
Story,Suspicious activity monitoring,Implement comprehensive suspicious activity monitoring,DV41C-10,Medium,8,activity-monitoring security behavioral-analysis,Security,UC-288
Story,Brute force attack prevention,Implement brute force attack prevention and mitigation,DV41C-10,High,5,brute-force-prevention attack-mitigation security,Security,UC-289
Story,SQL injection protection,Implement comprehensive SQL injection protection,DV41C-10,High,5,sql-injection security database-security,Security,UC-290
Story,XSS attack prevention,Implement XSS attack prevention and mitigation,DV41C-10,High,5,xss-prevention security web-security,Security,UC-291
Story,CSRF protection,Implement comprehensive CSRF protection,DV41C-10,High,3,csrf-protection security web-security,Security,UC-292
Story,Content Security Policy enforcement,Implement and enforce comprehensive Content Security Policy,DV41C-10,Medium,5,csp security web-security policy-enforcement,Security,UC-293
Story,Security audit logging,Implement comprehensive security audit logging,DV41C-10,Medium,5,audit-logging security compliance monitoring,Security,UC-294
Story,Security incident response,Implement automated security incident response system,DV41C-10,High,8,incident-response security automation monitoring,Security,UC-295
Story,Google Cloud Speech-to-Text integration,Implement Google Cloud Speech-to-Text API integration,DV41C-11,High,8,google-cloud speech-to-text api-integration ai-services,Integration,UC-296
Story,Google Cloud Vision API integration,Implement Google Cloud Vision API integration,DV41C-11,High,8,google-cloud vision-api api-integration ai-services,Integration,UC-297
Story,Google Maps API integration,Implement Google Maps API integration for location services,DV41C-11,Medium,5,google-maps api-integration location-services mapping,Integration,UC-298
Story,OpenAI API integration,Implement OpenAI API integration for AI processing,DV41C-11,High,8,openai api-integration ai-services nlp,Integration,UC-299
Story,SendGrid email service integration,Implement SendGrid email service integration,DV41C-11,Medium,5,sendgrid email-service api-integration communication,Integration,UC-300
Story,Stripe payment processing integration,Implement Stripe payment processing integration,DV41C-11,High,8,stripe payment-processing api-integration billing,Integration,UC-301
Story,Twilio SMS service integration,Implement Twilio SMS service integration,DV41C-11,Medium,5,twilio sms-service api-integration communication,Integration,UC-302
Story,Social media platform APIs,Implement social media platform API integrations,DV41C-11,High,8,social-media api-integration platform-apis,Integration,UC-303
Story,Cloud storage provider integration,Implement cloud storage provider integrations,DV41C-11,Medium,5,cloud-storage api-integration storage-services,Integration,UC-304
Story,RESTful API for content management,Implement RESTful API endpoints for content management,DV41C-11,High,8,restful-api content-management api-development,API,UC-305
Story,RESTful API for contact management,Implement RESTful API endpoints for contact management,DV41C-11,Medium,5,restful-api contact-management api-development,API,UC-306
Story,RESTful API for user management,Implement RESTful API endpoints for user management,DV41C-11,Medium,5,restful-api user-management api-development,API,UC-307
Story,RESTful API for multimedia analysis,Implement RESTful API endpoints for multimedia analysis,DV41C-11,High,8,restful-api multimedia-analysis api-development,API,UC-308
Story,API authentication and authorization,Implement comprehensive API authentication and authorization,DV41C-11,High,8,api-authentication authorization security api-security,API,UC-309
Story,API rate limiting and throttling,Implement API rate limiting and throttling mechanisms,DV41C-11,Medium,5,rate-limiting throttling api-security performance,API,UC-310
Story,API documentation and OpenAPI specs,Create comprehensive API documentation and OpenAPI specifications,DV41C-11,Medium,5,api-documentation openapi documentation developer-experience,API,UC-311
Story,API versioning and backward compatibility,Implement API versioning with backward compatibility,DV41C-11,Medium,5,api-versioning backward-compatibility api-development,API,UC-312
Story,API monitoring and analytics,Implement comprehensive API monitoring and analytics,DV41C-11,Medium,5,api-monitoring analytics performance-monitoring,API,UC-313
Story,API key management,Implement API key management and rotation,DV41C-11,Medium,5,api-keys key-management security api-security,API,UC-314
Story,Responsive design for smartphones,Implement responsive design optimized for smartphones,DV41C-12,High,8,responsive-design mobile-optimization smartphone-ui,Mobile,UC-315
Story,Responsive design for tablets,Implement responsive design optimized for tablets,DV41C-12,Medium,5,responsive-design tablet-optimization tablet-ui,Mobile,UC-316
Story,Touch-friendly interface elements,Implement touch-friendly interface elements for mobile devices,DV41C-12,Medium,5,touch-interface mobile-ui user-experience,Mobile,UC-317
Story,Mobile-optimized content viewing,Implement mobile-optimized content viewing and interaction,DV41C-12,Medium,5,mobile-content content-viewing mobile-optimization,Mobile,UC-318
Story,Mobile file upload functionality,Implement mobile-optimized file upload functionality,DV41C-12,Medium,5,mobile-upload file-upload mobile-functionality,Mobile,UC-319
Story,Mobile contact management,Implement mobile-optimized contact management interface,DV41C-12,Medium,3,mobile-contacts contact-management mobile-interface,Mobile,UC-320
Story,Mobile content sharing,Implement mobile-optimized content sharing functionality,DV41C-12,Medium,3,mobile-sharing content-sharing mobile-functionality,Mobile,UC-321
Story,Mobile notification support,Implement mobile notification support and management,DV41C-12,Medium,5,mobile-notifications notifications mobile-functionality,Mobile,UC-322
Story,Mobile performance optimization,Implement mobile-specific performance optimizations,DV41C-12,Medium,5,mobile-performance optimization performance-tuning,Mobile,UC-323
Story,Mobile offline capabilities preparation,Prepare infrastructure for mobile offline capabilities,DV41C-12,Low,5,offline-capabilities mobile-offline pwa,Mobile,UC-324
Story,User engagement tracking,Implement comprehensive user engagement tracking and analytics,DV41C-13,Medium,5,engagement-tracking user-analytics analytics,Analytics,UC-325
Story,Content usage statistics,Implement content usage statistics and analysis,DV41C-13,Medium,3,content-analytics usage-statistics analytics,Analytics,UC-326
Story,Feature adoption metrics,Implement feature adoption metrics and tracking,DV41C-13,Medium,3,adoption-metrics feature-analytics analytics,Analytics,UC-327
Story,User retention analysis,Implement user retention analysis and reporting,DV41C-13,Medium,5,retention-analysis user-analytics analytics,Analytics,UC-328
Story,User behavior insights,Implement user behavior insights and analysis,DV41C-13,Medium,5,behavior-insights user-analytics behavioral-analysis,Analytics,UC-329
Story,Performance metrics tracking,Implement comprehensive performance metrics tracking,DV41C-13,Medium,3,performance-metrics tracking analytics monitoring,Analytics,UC-330
Story,Error rate monitoring,Implement error rate monitoring and analysis,DV41C-13,Medium,3,error-monitoring error-analytics monitoring,Analytics,UC-331
Story,API usage analytics,Implement comprehensive API usage analytics and reporting,DV41C-13,Medium,3,api-analytics usage-tracking analytics,Analytics,UC-332
Story,Dashboard with key metrics,Implement analytics dashboard with key business metrics,DV41C-13,High,8,analytics-dashboard metrics-dashboard business-intelligence,Analytics,UC-333
Story,Custom report generation,Implement custom report generation and scheduling,DV41C-13,Medium,5,custom-reports report-generation business-intelligence,Analytics,UC-334
Story,Data visualization charts,Implement comprehensive data visualization with charts and graphs,DV41C-13,Medium,5,data-visualization charts business-intelligence,Analytics,UC-335
Story,Export reports to various formats,Enable export of reports to various formats (PDF Excel CSV),DV41C-13,Medium,3,report-export data-export business-intelligence,Analytics,UC-336
Story,Automated report scheduling,Implement automated report scheduling and delivery,DV41C-13,Medium,5,report-scheduling automation business-intelligence,Analytics,UC-337
Story,Real-time analytics updates,Implement real-time analytics updates and live dashboards,DV41C-13,Medium,5,real-time-analytics live-dashboard analytics,Analytics,UC-338
Story,Predictive analytics preparation,Prepare infrastructure for predictive analytics capabilities,DV41C-13,Low,8,predictive-analytics machine-learning analytics,Analytics,UC-339
Story,Cost analysis and optimization,Implement cost analysis and optimization recommendations,DV41C-13,Medium,5,cost-analysis optimization business-intelligence,Analytics,UC-340
